[0m[2m[35m$[0m [2m[1mvite[0m
[2m5:54:27 PM[22m [31m[1m[vite][22m[39m [31m[2m(client)[22m[39m [31m[Unhandled error] [1mReferenceError[22m: Cannot access 'session' before initialization
[39m > UserPage src/pages/UserPage.tsx:9:35
    7  |  
    8  |  export default function UserPage() {
    9  |    console.log('UserPage rendered', session?.user?.role);
       |                                     ^
    10 |    const { data: session, isPending: authPending } = authClient.useSession();
    11 |    const { data: users, isLoading, error, isError } = useQuery({
 > Object.react_stack_bottom_frame ../node_modules/.bun/react-dom@19.2.7+e14d3f224186685e/node_modules/react-dom/cjs/react-dom-client.development.js:25904:19
 > renderWithHooks ../node_modules/.bun/react-dom@19.2.7+e14d3f224186685e/node_modules/react-dom/cjs/react-dom-client.development.js:7662:21
 > updateFunctionComponent ../node_modules/.bun/react-dom@19.2.7+e14d3f224186685e/node_modules/react-dom/cjs/react-dom-client.development.js:10166:18
 > beginWork ../node_modules/.bun/react-dom@19.2.7+e14d3f224186685e/node_modules/react-dom/cjs/react-dom-client.development.js:11778:17
 > runWithFiberInDEV ../node_modules/.bun/react-dom@19.2.7+e14d3f224186685e/node_modules/react-dom/cjs/react-dom-client.development.js:871:29
 > performUnitOfWork ../node_modules/.bun/react-dom@19.2.7+e14d3f224186685e/node_modules/react-dom/cjs/react-dom-client.development.js:17641:21
 > workLoopSync ../node_modules/.bun/react-dom@19.2.7+e14d3f224186685e/node_modules/react-dom/cjs/react-dom-client.development.js:17469:40
 > renderRootSync ../node_modules/.bun/react-dom@19.2.7+e14d3f224186685e/node_modules/react-dom/cjs/react-dom-client.development.js:17450:10
 > performWorkOnRoot ../node_modules/.bun/react-dom@19.2.7+e14d3f224186685e/node_modules/react-dom/cjs/react-dom-client.development.js:16583:34

[2m5:54:27 PM[22m [33m[1m[vite][22m[39m [33m[2m(client)[22m[39m [2m[console.warn] [22mAn error occurred in the <UserPage> component.

Consider adding an error boundary to your tree to customize error handling behavior.
Visit https://react.dev/link/error-boundaries to learn more about error boundaries.

[2m5:54:32 PM[22m [31m[1m[vite][22m[39m [31m[2m(client)[22m[39m [31m[Unhandled error] [1mReferenceError[22m: Cannot access 'session' before initialization
[39m > UserPage src/pages/UserPage.tsx:9:35
    7  |  
    8  |  export default function UserPage() {
    9  |    console.log('UserPage rendered', session?.user?.role);
       |                                     ^
    10 |    const { data: session, isPending: authPending } = authClient.useSession();
    11 |    const { data: users, isLoading, error, isError } = useQuery({
 > Object.react_stack_bottom_frame ../node_modules/.bun/react-dom@19.2.7+e14d3f224186685e/node_modules/react-dom/cjs/react-dom-client.development.js:25904:19
 > renderWithHooks ../node_modules/.bun/react-dom@19.2.7+e14d3f224186685e/node_modules/react-dom/cjs/react-dom-client.development.js:7662:21
 > updateFunctionComponent ../node_modules/.bun/react-dom@19.2.7+e14d3f224186685e/node_modules/react-dom/cjs/react-dom-client.development.js:10166:18
 > beginWork ../node_modules/.bun/react-dom@19.2.7+e14d3f224186685e/node_modules/react-dom/cjs/react-dom-client.development.js:11778:17
 > runWithFiberInDEV ../node_modules/.bun/react-dom@19.2.7+e14d3f224186685e/node_modules/react-dom/cjs/react-dom-client.development.js:871:29
 > performUnitOfWork ../node_modules/.bun/react-dom@19.2.7+e14d3f224186685e/node_modules/react-dom/cjs/react-dom-client.development.js:17641:21
 > workLoopSync ../node_modules/.bun/react-dom@19.2.7+e14d3f224186685e/node_modules/react-dom/cjs/react-dom-client.development.js:17469:40
 > renderRootSync ../node_modules/.bun/react-dom@19.2.7+e14d3f224186685e/node_modules/react-dom/cjs/react-dom-client.development.js:17450:10
 > performWorkOnRoot ../node_modules/.bun/react-dom@19.2.7+e14d3f224186685e/node_modules/react-dom/cjs/react-dom-client.development.js:16583:34

[2m5:54:32 PM[22m [33m[1m[vite][22m[39m [33m[2m(client)[22m[39m [2m[console.warn] [22mAn error occurred in the <UserPage> component.

Consider adding an error boundary to your tree to customize error handling behavior.
Visit https://react.dev/link/error-boundaries to learn more about error boundaries.

[2m5:55:14 PM[22m [31m[1m[vite][22m[39m [31m[2m(client)[22m[39m [31m[Unhandled error] [1mReferenceError[22m: Cannot access 'session' before initialization
[39m > UserPage src/pages/UserPage.tsx:9:35
    7  |  
    8  |  export default function UserPage() {
    9  |    console.log('UserPage rendered', session?.user?.role);
       |                                     ^
    10 |    const { data: session, isPending: authPending } = authClient.useSession();
    11 |    const { data: users, isLoading, error, isError } = useQuery({
 > Object.react_stack_bottom_frame ../node_modules/.bun/react-dom@19.2.7+e14d3f224186685e/node_modules/react-dom/cjs/react-dom-client.development.js:25904:19
 > renderWithHooks ../node_modules/.bun/react-dom@19.2.7+e14d3f224186685e/node_modules/react-dom/cjs/react-dom-client.development.js:7662:21
 > updateFunctionComponent ../node_modules/.bun/react-dom@19.2.7+e14d3f224186685e/node_modules/react-dom/cjs/react-dom-client.development.js:10166:18
 > beginWork ../node_modules/.bun/react-dom@19.2.7+e14d3f224186685e/node_modules/react-dom/cjs/react-dom-client.development.js:11778:17
 > runWithFiberInDEV ../node_modules/.bun/react-dom@19.2.7+e14d3f224186685e/node_modules/react-dom/cjs/react-dom-client.development.js:871:29
 > performUnitOfWork ../node_modules/.bun/react-dom@19.2.7+e14d3f224186685e/node_modules/react-dom/cjs/react-dom-client.development.js:17641:21
 > workLoopSync ../node_modules/.bun/react-dom@19.2.7+e14d3f224186685e/node_modules/react-dom/cjs/react-dom-client.development.js:17469:40
 > renderRootSync ../node_modules/.bun/react-dom@19.2.7+e14d3f224186685e/node_modules/react-dom/cjs/react-dom-client.development.js:17450:10
 > performWorkOnRoot ../node_modules/.bun/react-dom@19.2.7+e14d3f224186685e/node_modules/react-dom/cjs/react-dom-client.development.js:16583:34

[2m5:55:14 PM[22m [33m[1m[vite][22m[39m [33m[2m(client)[22m[39m [2m[console.warn] [22mAn error occurred in the <UserPage> component.

Consider adding an error boundary to your tree to customize error handling behavior.
Visit https://react.dev/link/error-boundaries to learn more about error boundaries.

[2m5:55:17 PM[22m [31m[1m[vite][22m[39m [31m[2m(client)[22m[39m [31m[Unhandled error] [1mReferenceError[22m: Cannot access 'session' before initialization
[39m > UserPage src/pages/UserPage.tsx:9:35
    7  |  
    8  |  export default function UserPage() {
    9  |    console.log('UserPage rendered', session?.user?.role);
       |                                     ^
    10 |    const { data: session, isPending: authPending } = authClient.useSession();
    11 |    const { data: users, isLoading, error, isError } = useQuery({
 > Object.react_stack_bottom_frame ../node_modules/.bun/react-dom@19.2.7+e14d3f224186685e/node_modules/react-dom/cjs/react-dom-client.development.js:25904:19
 > renderWithHooks ../node_modules/.bun/react-dom@19.2.7+e14d3f224186685e/node_modules/react-dom/cjs/react-dom-client.development.js:7662:21
 > updateFunctionComponent ../node_modules/.bun/react-dom@19.2.7+e14d3f224186685e/node_modules/react-dom/cjs/react-dom-client.development.js:10166:18
 > beginWork ../node_modules/.bun/react-dom@19.2.7+e14d3f224186685e/node_modules/react-dom/cjs/react-dom-client.development.js:11778:17
 > runWithFiberInDEV ../node_modules/.bun/react-dom@19.2.7+e14d3f224186685e/node_modules/react-dom/cjs/react-dom-client.development.js:871:29
 > performUnitOfWork ../node_modules/.bun/react-dom@19.2.7+e14d3f224186685e/node_modules/react-dom/cjs/react-dom-client.development.js:17641:21
 > workLoopSync ../node_modules/.bun/react-dom@19.2.7+e14d3f224186685e/node_modules/react-dom/cjs/react-dom-client.development.js:17469:40
 > renderRootSync ../node_modules/.bun/react-dom@19.2.7+e14d3f224186685e/node_modules/react-dom/cjs/react-dom-client.development.js:17450:10
 > performWorkOnRoot ../node_modules/.bun/react-dom@19.2.7+e14d3f224186685e/node_modules/react-dom/cjs/react-dom-client.development.js:16583:34

[2m5:55:17 PM[22m [33m[1m[vite][22m[39m [33m[2m(client)[22m[39m [2m[console.warn] [22mAn error occurred in the <UserPage> component.

Consider adding an error boundary to your tree to customize error handling behavior.
Visit https://react.dev/link/error-boundaries to learn more about error boundaries.

[2m5:55:23 PM[22m [31m[1m[vite][22m[39m [31m[2m(client)[22m[39m [31m[Unhandled error] [1mReferenceError[22m: Cannot access 'session' before initialization
[39m > UserPage src/pages/UserPage.tsx:9:35
    7  |  
    8  |  export default function UserPage() {
    9  |    console.log('UserPage rendered', session?.user?.role);
       |                                     ^
    10 |    const { data: session, isPending: authPending } = authClient.useSession();
    11 |    const { data: users, isLoading, error, isError } = useQuery({
 > Object.react_stack_bottom_frame ../node_modules/.bun/react-dom@19.2.7+e14d3f224186685e/node_modules/react-dom/cjs/react-dom-client.development.js:25904:19
 > renderWithHooks ../node_modules/.bun/react-dom@19.2.7+e14d3f224186685e/node_modules/react-dom/cjs/react-dom-client.development.js:7662:21
 > updateFunctionComponent ../node_modules/.bun/react-dom@19.2.7+e14d3f224186685e/node_modules/react-dom/cjs/react-dom-client.development.js:10166:18
 > beginWork ../node_modules/.bun/react-dom@19.2.7+e14d3f224186685e/node_modules/react-dom/cjs/react-dom-client.development.js:11778:17
 > runWithFiberInDEV ../node_modules/.bun/react-dom@19.2.7+e14d3f224186685e/node_modules/react-dom/cjs/react-dom-client.development.js:871:29
 > performUnitOfWork ../node_modules/.bun/react-dom@19.2.7+e14d3f224186685e/node_modules/react-dom/cjs/react-dom-client.development.js:17641:21
 > workLoopSync ../node_modules/.bun/react-dom@19.2.7+e14d3f224186685e/node_modules/react-dom/cjs/react-dom-client.development.js:17469:40
 > renderRootSync ../node_modules/.bun/react-dom@19.2.7+e14d3f224186685e/node_modules/react-dom/cjs/react-dom-client.development.js:17450:10
 > performWorkOnRoot ../node_modules/.bun/react-dom@19.2.7+e14d3f224186685e/node_modules/react-dom/cjs/react-dom-client.development.js:16583:34

[2m5:55:23 PM[22m [33m[1m[vite][22m[39m [33m[2m(client)[22m[39m [2m[console.warn] [22mAn error occurred in the <UserPage> component.

Consider adding an error boundary to your tree to customize error handling behavior.
Visit https://react.dev/link/error-boundaries to learn more about error boundaries.

[2m5:59:56 PM[22m [31m[1m[vite][22m[39m [31m[2m(client)[22m[39m [31m[Unhandled error] [1mError[22m: Rendered fewer hooks than expected. This may be caused by an accidental early return statement.
[39m > finishRenderingHooks ../node_modules/.bun/react-dom@19.2.7+e14d3f224186685e/node_modules/react-dom/cjs/react-dom-client.development.js:7717:14
 > renderWithHooks ../node_modules/.bun/react-dom@19.2.7+e14d3f224186685e/node_modules/react-dom/cjs/react-dom-client.development.js:7684:6
 > updateFunctionComponent ../node_modules/.bun/react-dom@19.2.7+e14d3f224186685e/node_modules/react-dom/cjs/react-dom-client.development.js:10166:18
 > beginWork ../node_modules/.bun/react-dom@19.2.7+e14d3f224186685e/node_modules/react-dom/cjs/react-dom-client.development.js:11778:17
 > runWithFiberInDEV ../node_modules/.bun/react-dom@19.2.7+e14d3f224186685e/node_modules/react-dom/cjs/react-dom-client.development.js:871:29
 > performUnitOfWork ../node_modules/.bun/react-dom@19.2.7+e14d3f224186685e/node_modules/react-dom/cjs/react-dom-client.development.js:17641:21
 > workLoopSync ../node_modules/.bun/react-dom@19.2.7+e14d3f224186685e/node_modules/react-dom/cjs/react-dom-client.development.js:17469:40
 > renderRootSync ../node_modules/.bun/react-dom@19.2.7+e14d3f224186685e/node_modules/react-dom/cjs/react-dom-client.development.js:17450:10
 > performWorkOnRoot ../node_modules/.bun/react-dom@19.2.7+e14d3f224186685e/node_modules/react-dom/cjs/react-dom-client.development.js:16583:34
 > performSyncWorkOnRoot ../node_modules/.bun/react-dom@19.2.7+e14d3f224186685e/node_modules/react-dom/cjs/react-dom-client.development.js:18972:6

[2m5:59:56 PM[22m [33m[1m[vite][22m[39m [33m[2m(client)[22m[39m [2m[console.warn] [22mAn error occurred in the <UserPage> component.

Consider adding an error boundary to your tree to customize error handling behavior.
Visit https://react.dev/link/error-boundaries to learn more about error boundaries.

[2m6:07:28 PM[22m [31m[1m[vite][22m[39m [31mInternal server error: Transform failed with 1 error:

[31m[PARSE_ERROR] [0mExpected `,` or `)` but found `{`
     [38;5;246m╭[0m[38;5;246m─[0m[38;5;246m[[0m src/pages/UserPage.tsx:215:7 [38;5;246m][0m
     [38;5;246m│[0m
 [38;5;246m137 │[0m [38;5;249m [0m[38;5;249m [0m[38;5;249mr[0m[38;5;249me[0m[38;5;249mt[0m[38;5;249mu[0m[38;5;249mr[0m[38;5;249mn[0m[38;5;249m [0m(
 [38;5;240m    │[0m          ┬  
 [38;5;240m    │[0m          ╰── Opened here
 [38;5;240m    │[0m 
 [38;5;246m215 │[0m [38;5;249m [0m[38;5;249m [0m[38;5;249m [0m[38;5;249m [0m[38;5;249m [0m[38;5;249m [0m{[38;5;249m/[0m[38;5;249m*[0m[38;5;249m [0m[38;5;249mC[0m[38;5;249mr[0m[38;5;249me[0m[38;5;249ma[0m[38;5;249mt[0m[38;5;249me[0m[38;5;249m [0m[38;5;249mU[0m[38;5;249ms[0m[38;5;249me[0m[38;5;249mr[0m[38;5;249m [0m[38;5;249mM[0m[38;5;249mo[0m[38;5;249md[0m[38;5;249ma[0m[38;5;249ml[0m[38;5;249m [0m[38;5;249m*[0m[38;5;249m/[0m[38;5;249m}[0m
 [38;5;240m    │[0m       ┬  
 [38;5;240m    │[0m       ╰── `,` or `)` expected
[38;5;246m─────╯[0m
[39m
  Plugin: [35mvite:oxc[39m
  File: [36mC:/Users/ritik/OneDrive/Desktop/help desk/client/src/pages/UserPage.tsx[39m
      at transformWithOxc (file:///C:/Users/ritik/OneDrive/Desktop/help%20desk/node_modules/.bun/vite@8.1.4+3b4241e6af1d67c7/node_modules/vite/dist/node/chunks/node.js:4017:19)
      at TransformPluginContext.transform (file:///C:/Users/ritik/OneDrive/Desktop/help%20desk/node_modules/.bun/vite@8.1.4+3b4241e6af1d67c7/node_modules/vite/dist/node/chunks/node.js:4088:26)
      at EnvironmentPluginContainer.transform (file:///C:/Users/ritik/OneDrive/Desktop/help%20desk/node_modules/.bun/vite@8.1.4+3b4241e6af1d67c7/node_modules/vite/dist/node/chunks/node.js:30151:51)
      at async loadAndTransform (file:///C:/Users/ritik/OneDrive/Desktop/help%20desk/node_modules/.bun/vite@8.1.4+3b4241e6af1d67c7/node_modules/vite/dist/node/chunks/node.js:20098:26)
      at async viteTransformMiddleware (file:///C:/Users/ritik/OneDrive/Desktop/help%20desk/node_modules/.bun/vite@8.1.4+3b4241e6af1d67c7/node_modules/vite/dist/node/chunks/node.js:24559:20)
[2m6:07:28 PM[22m [31m[1m[vite][22m[39m [31m[2m(client)[22m[39m [2m[console.error] [22m[vite] Failed to reload /src/pages/UserPage.tsx. This could be due to syntax errors or importing non-existent modules. (see errors above)
[2m6:08:40 PM[22m [31m[1m[vite][22m[39m [31m[2m(client)[22m[39m Pre-transform error: Transform failed with 1 error:

[31m[PARSE_ERROR] [0mExpected `,` or `)` but found `{`
     [38;5;246m╭[0m[38;5;246m─[0m[38;5;246m[[0m src/pages/UserPage.tsx:215:7 [38;5;246m][0m
     [38;5;246m│[0m
 [38;5;246m137 │[0m [38;5;249m [0m[38;5;249m [0m[38;5;249mr[0m[38;5;249me[0m[38;5;249mt[0m[38;5;249mu[0m[38;5;249mr[0m[38;5;249mn[0m[38;5;249m [0m(
 [38;5;240m    │[0m          ┬  
 [38;5;240m    │[0m          ╰── Opened here
 [38;5;240m    │[0m 
 [38;5;246m215 │[0m [38;5;249m [0m[38;5;249m [0m[38;5;249m [0m[38;5;249m [0m[38;5;249m [0m[38;5;249m [0m{[38;5;249m/[0m[38;5;249m*[0m[38;5;249m [0m[38;5;249mC[0m[38;5;249mr[0m[38;5;249me[0m[38;5;249ma[0m[38;5;249mt[0m[38;5;249me[0m[38;5;249m [0m[38;5;249mU[0m[38;5;249ms[0m[38;5;249me[0m[38;5;249mr[0m[38;5;249m [0m[38;5;249mM[0m[38;5;249mo[0m[38;5;249md[0m[38;5;249ma[0m[38;5;249ml[0m[38;5;249m [0m[38;5;249m*[0m[38;5;249m/[0m[38;5;249m}[0m
 [38;5;240m    │[0m       ┬  
 [38;5;240m    │[0m       ╰── `,` or `)` expected
[38;5;246m─────╯[0m

  Plugin: [35mvite:oxc[39m
  File: [36mC:/Users/ritik/OneDrive/Desktop/help desk/client/src/pages/UserPage.tsx[39m
[2m6:08:41 PM[22m [31m[1m[vite][22m[39m [31mInternal server error: Transform failed with 1 error:

[31m[PARSE_ERROR] [0mExpected `,` or `)` but found `{`
     [38;5;246m╭[0m[38;5;246m─[0m[38;5;246m[[0m src/pages/UserPage.tsx:215:7 [38;5;246m][0m
     [38;5;246m│[0m
 [38;5;246m137 │[0m [38;5;249m [0m[38;5;249m [0m[38;5;249mr[0m[38;5;249me[0m[38;5;249mt[0m[38;5;249mu[0m[38;5;249mr[0m[38;5;249mn[0m[38;5;249m [0m(
 [38;5;240m    │[0m          ┬  
 [38;5;240m    │[0m          ╰── Opened here
 [38;5;240m    │[0m 
 [38;5;246m215 │[0m [38;5;249m [0m[38;5;249m [0m[38;5;249m [0m[38;5;249m [0m[38;5;249m [0m[38;5;249m [0m{[38;5;249m/[0m[38;5;249m*[0m[38;5;249m [0m[38;5;249mC[0m[38;5;249mr[0m[38;5;249me[0m[38;5;249ma[0m[38;5;249mt[0m[38;5;249me[0m[38;5;249m [0m[38;5;249mU[0m[38;5;249ms[0m[38;5;249me[0m[38;5;249mr[0m[38;5;249m [0m[38;5;249mM[0m[38;5;249mo[0m[38;5;249md[0m[38;5;249ma[0m[38;5;249ml[0m[38;5;249m [0m[38;5;249m*[0m[38;5;249m/[0m[38;5;249m}[0m
 [38;5;240m    │[0m       ┬  
 [38;5;240m    │[0m       ╰── `,` or `)` expected
[38;5;246m─────╯[0m
[39m
  Plugin: [35mvite:oxc[39m
  File: [36mC:/Users/ritik/OneDrive/Desktop/help desk/client/src/pages/UserPage.tsx[39m
      at transformWithOxc (file:///C:/Users/ritik/OneDrive/Desktop/help%20desk/node_modules/.bun/vite@8.1.4+3b4241e6af1d67c7/node_modules/vite/dist/node/chunks/node.js:4017:19)
      at TransformPluginContext.transform (file:///C:/Users/ritik/OneDrive/Desktop/help%20desk/node_modules/.bun/vite@8.1.4+3b4241e6af1d67c7/node_modules/vite/dist/node/chunks/node.js:4088:26)
      at EnvironmentPluginContainer.transform (file:///C:/Users/ritik/OneDrive/Desktop/help%20desk/node_modules/.bun/vite@8.1.4+3b4241e6af1d67c7/node_modules/vite/dist/node/chunks/node.js:30151:51)
      at async loadAndTransform (file:///C:/Users/ritik/OneDrive/Desktop/help%20desk/node_modules/.bun/vite@8.1.4+3b4241e6af1d67c7/node_modules/vite/dist/node/chunks/node.js:20098:26)
      at async viteTransformMiddleware (file:///C:/Users/ritik/OneDrive/Desktop/help%20desk/node_modules/.bun/vite@8.1.4+3b4241e6af1d67c7/node_modules/vite/dist/node/chunks/node.js:24559:20)
[2m6:08:42 PM[22m [31m[1m[vite][22m[39m [31m[2m(client)[22m[39m Pre-transform error: Transform failed with 1 error:

[31m[PARSE_ERROR] [0mExpected `,` or `)` but found `{`
     [38;5;246m╭[0m[38;5;246m─[0m[38;5;246m[[0m src/pages/UserPage.tsx:215:7 [38;5;246m][0m
     [38;5;246m│[0m
 [38;5;246m137 │[0m [38;5;249m [0m[38;5;249m [0m[38;5;249mr[0m[38;5;249me[0m[38;5;249mt[0m[38;5;249mu[0m[38;5;249mr[0m[38;5;249mn[0m[38;5;249m [0m(
 [38;5;240m    │[0m          ┬  
 [38;5;240m    │[0m          ╰── Opened here
 [38;5;240m    │[0m 
 [38;5;246m215 │[0m [38;5;249m [0m[38;5;249m [0m[38;5;249m [0m[38;5;249m [0m[38;5;249m [0m[38;5;249m [0m{[38;5;249m/[0m[38;5;249m*[0m[38;5;249m [0m[38;5;249mC[0m[38;5;249mr[0m[38;5;249me[0m[38;5;249ma[0m[38;5;249mt[0m[38;5;249me[0m[38;5;249m [0m[38;5;249mU[0m[38;5;249ms[0m[38;5;249me[0m[38;5;249mr[0m[38;5;249m [0m[38;5;249mM[0m[38;5;249mo[0m[38;5;249md[0m[38;5;249ma[0m[38;5;249ml[0m[38;5;249m [0m[38;5;249m*[0m[38;5;249m/[0m[38;5;249m}[0m
 [38;5;240m    │[0m       ┬  
 [38;5;240m    │[0m       ╰── `,` or `)` expected
[38;5;246m─────╯[0m

  Plugin: [35mvite:oxc[39m
  File: [36mC:/Users/ritik/OneDrive/Desktop/help desk/client/src/pages/UserPage.tsx[39m
[2m6:08:42 PM[22m [31m[1m[vite][22m[39m [31mInternal server error: Transform failed with 1 error:

[31m[PARSE_ERROR] [0mExpected `,` or `)` but found `{`
     [38;5;246m╭[0m[38;5;246m─[0m[38;5;246m[[0m src/pages/UserPage.tsx:215:7 [38;5;246m][0m
     [38;5;246m│[0m
 [38;5;246m137 │[0m [38;5;249m [0m[38;5;249m [0m[38;5;249mr[0m[38;5;249me[0m[38;5;249mt[0m[38;5;249mu[0m[38;5;249mr[0m[38;5;249mn[0m[38;5;249m [0m(
 [38;5;240m    │[0m          ┬  
 [38;5;240m    │[0m          ╰── Opened here
 [38;5;240m    │[0m 
 [38;5;246m215 │[0m [38;5;249m [0m[38;5;249m [0m[38;5;249m [0m[38;5;249m [0m[38;5;249m [0m[38;5;249m [0m{[38;5;249m/[0m[38;5;249m*[0m[38;5;249m [0m[38;5;249mC[0m[38;5;249mr[0m[38;5;249me[0m[38;5;249ma[0m[38;5;249mt[0m[38;5;249me[0m[38;5;249m [0m[38;5;249mU[0m[38;5;249ms[0m[38;5;249me[0m[38;5;249mr[0m[38;5;249m [0m[38;5;249mM[0m[38;5;249mo[0m[38;5;249md[0m[38;5;249ma[0m[38;5;249ml[0m[38;5;249m [0m[38;5;249m*[0m[38;5;249m/[0m[38;5;249m}[0m
 [38;5;240m    │[0m       ┬  
 [38;5;240m    │[0m       ╰── `,` or `)` expected
[38;5;246m─────╯[0m
[39m
  Plugin: [35mvite:oxc[39m
  File: [36mC:/Users/ritik/OneDrive/Desktop/help desk/client/src/pages/UserPage.tsx[39m
      at transformWithOxc (file:///C:/Users/ritik/OneDrive/Desktop/help%20desk/node_modules/.bun/vite@8.1.4+3b4241e6af1d67c7/node_modules/vite/dist/node/chunks/node.js:4017:19)
      at TransformPluginContext.transform (file:///C:/Users/ritik/OneDrive/Desktop/help%20desk/node_modules/.bun/vite@8.1.4+3b4241e6af1d67c7/node_modules/vite/dist/node/chunks/node.js:4088:26)
      at EnvironmentPluginContainer.transform (file:///C:/Users/ritik/OneDrive/Desktop/help%20desk/node_modules/.bun/vite@8.1.4+3b4241e6af1d67c7/node_modules/vite/dist/node/chunks/node.js:30151:51)
      at async loadAndTransform (file:///C:/Users/ritik/OneDrive/Desktop/help%20desk/node_modules/.bun/vite@8.1.4+3b4241e6af1d67c7/node_modules/vite/dist/node/chunks/node.js:20098:26)
      at async viteTransformMiddleware (file:///C:/Users/ritik/OneDrive/Desktop/help%20desk/node_modules/.bun/vite@8.1.4+3b4241e6af1d67c7/node_modules/vite/dist/node/chunks/node.js:24559:20)
[2m6:08:44 PM[22m [31m[1m[vite][22m[39m [31m[2m(client)[22m[39m Pre-transform error: Transform failed with 1 error:

[31m[PARSE_ERROR] [0mExpected `,` or `)` but found `{`
     [38;5;246m╭[0m[38;5;246m─[0m[38;5;246m[[0m src/pages/UserPage.tsx:215:7 [38;5;246m][0m
     [38;5;246m│[0m
 [38;5;246m137 │[0m [38;5;249m [0m[38;5;249m [0m[38;5;249mr[0m[38;5;249me[0m[38;5;249mt[0m[38;5;249mu[0m[38;5;249mr[0m[38;5;249mn[0m[38;5;249m [0m(
 [38;5;240m    │[0m          ┬  
 [38;5;240m    │[0m          ╰── Opened here
 [38;5;240m    │[0m 
 [38;5;246m215 │[0m [38;5;249m [0m[38;5;249m [0m[38;5;249m [0m[38;5;249m [0m[38;5;249m [0m[38;5;249m [0m{[38;5;249m/[0m[38;5;249m*[0m[38;5;249m [0m[38;5;249mC[0m[38;5;249mr[0m[38;5;249me[0m[38;5;249ma[0m[38;5;249mt[0m[38;5;249me[0m[38;5;249m [0m[38;5;249mU[0m[38;5;249ms[0m[38;5;249me[0m[38;5;249mr[0m[38;5;249m [0m[38;5;249mM[0m[38;5;249mo[0m[38;5;249md[0m[38;5;249ma[0m[38;5;249ml[0m[38;5;249m [0m[38;5;249m*[0m[38;5;249m/[0m[38;5;249m}[0m
 [38;5;240m    │[0m       ┬  
 [38;5;240m    │[0m       ╰── `,` or `)` expected
[38;5;246m─────╯[0m

  Plugin: [35mvite:oxc[39m
  File: [36mC:/Users/ritik/OneDrive/Desktop/help desk/client/src/pages/UserPage.tsx[39m
[2m6:08:44 PM[22m [31m[1m[vite][22m[39m [31mInternal server error: Transform failed with 1 error:

[31m[PARSE_ERROR] [0mExpected `,` or `)` but found `{`
     [38;5;246m╭[0m[38;5;246m─[0m[38;5;246m[[0m src/pages/UserPage.tsx:215:7 [38;5;246m][0m
     [38;5;246m│[0m
 [38;5;246m137 │[0m [38;5;249m [0m[38;5;249m [0m[38;5;249mr[0m[38;5;249me[0m[38;5;249mt[0m[38;5;249mu[0m[38;5;249mr[0m[38;5;249mn[0m[38;5;249m [0m(
 [38;5;240m    │[0m          ┬  
 [38;5;240m    │[0m          ╰── Opened here
 [38;5;240m    │[0m 
 [38;5;246m215 │[0m [38;5;249m [0m[38;5;249m [0m[38;5;249m [0m[38;5;249m [0m[38;5;249m [0m[38;5;249m [0m{[38;5;249m/[0m[38;5;249m*[0m[38;5;249m [0m[38;5;249mC[0m[38;5;249mr[0m[38;5;249me[0m[38;5;249ma[0m[38;5;249mt[0m[38;5;249me[0m[38;5;249m [0m[38;5;249mU[0m[38;5;249ms[0m[38;5;249me[0m[38;5;249mr[0m[38;5;249m [0m[38;5;249mM[0m[38;5;249mo[0m[38;5;249md[0m[38;5;249ma[0m[38;5;249ml[0m[38;5;249m [0m[38;5;249m*[0m[38;5;249m/[0m[38;5;249m}[0m
 [38;5;240m    │[0m       ┬  
 [38;5;240m    │[0m       ╰── `,` or `)` expected
[38;5;246m─────╯[0m
[39m
  Plugin: [35mvite:oxc[39m
  File: [36mC:/Users/ritik/OneDrive/Desktop/help desk/client/src/pages/UserPage.tsx[39m
      at transformWithOxc (file:///C:/Users/ritik/OneDrive/Desktop/help%20desk/node_modules/.bun/vite@8.1.4+3b4241e6af1d67c7/node_modules/vite/dist/node/chunks/node.js:4017:19)
      at TransformPluginContext.transform (file:///C:/Users/ritik/OneDrive/Desktop/help%20desk/node_modules/.bun/vite@8.1.4+3b4241e6af1d67c7/node_modules/vite/dist/node/chunks/node.js:4088:26)
      at EnvironmentPluginContainer.transform (file:///C:/Users/ritik/OneDrive/Desktop/help%20desk/node_modules/.bun/vite@8.1.4+3b4241e6af1d67c7/node_modules/vite/dist/node/chunks/node.js:30151:51)
      at async loadAndTransform (file:///C:/Users/ritik/OneDrive/Desktop/help%20desk/node_modules/.bun/vite@8.1.4+3b4241e6af1d67c7/node_modules/vite/dist/node/chunks/node.js:20098:26)
      at async viteTransformMiddleware (file:///C:/Users/ritik/OneDrive/Desktop/help%20desk/node_modules/.bun/vite@8.1.4+3b4241e6af1d67c7/node_modules/vite/dist/node/chunks/node.js:24559:20)
[2m6:13:32 PM[22m [31m[1m[vite][22m[39m [31m[2m(client)[22m[39m Pre-transform error: Transform failed with 1 error:

[31m[PARSE_ERROR] [0mExpected `,` or `)` but found `{`
     [38;5;246m╭[0m[38;5;246m─[0m[38;5;246m[[0m src/pages/UserPage.tsx:215:7 [38;5;246m][0m
     [38;5;246m│[0m
 [38;5;246m137 │[0m [38;5;249m [0m[38;5;249m [0m[38;5;249mr[0m[38;5;249me[0m[38;5;249mt[0m[38;5;249mu[0m[38;5;249mr[0m[38;5;249mn[0m[38;5;249m [0m(
 [38;5;240m    │[0m          ┬  
 [38;5;240m    │[0m          ╰── Opened here
 [38;5;240m    │[0m 
 [38;5;246m215 │[0m [38;5;249m [0m[38;5;249m [0m[38;5;249m [0m[38;5;249m [0m[38;5;249m [0m[38;5;249m [0m{[38;5;249m/[0m[38;5;249m*[0m[38;5;249m [0m[38;5;249mC[0m[38;5;249mr[0m[38;5;249me[0m[38;5;249ma[0m[38;5;249mt[0m[38;5;249me[0m[38;5;249m [0m[38;5;249mU[0m[38;5;249ms[0m[38;5;249me[0m[38;5;249mr[0m[38;5;249m [0m[38;5;249mM[0m[38;5;249mo[0m[38;5;249md[0m[38;5;249ma[0m[38;5;249ml[0m[38;5;249m [0m[38;5;249m*[0m[38;5;249m/[0m[38;5;249m}[0m
 [38;5;240m    │[0m       ┬  
 [38;5;240m    │[0m       ╰── `,` or `)` expected
[38;5;246m─────╯[0m

  Plugin: [35mvite:oxc[39m
  File: [36mC:/Users/ritik/OneDrive/Desktop/help desk/client/src/pages/UserPage.tsx[39m
[2m6:13:32 PM[22m [31m[1m[vite][22m[39m [31mInternal server error: Transform failed with 1 error:

[31m[PARSE_ERROR] [0mExpected `,` or `)` but found `{`
     [38;5;246m╭[0m[38;5;246m─[0m[38;5;246m[[0m src/pages/UserPage.tsx:215:7 [38;5;246m][0m
     [38;5;246m│[0m
 [38;5;246m137 │[0m [38;5;249m [0m[38;5;249m [0m[38;5;249mr[0m[38;5;249me[0m[38;5;249mt[0m[38;5;249mu[0m[38;5;249mr[0m[38;5;249mn[0m[38;5;249m [0m(
 [38;5;240m    │[0m          ┬  
 [38;5;240m    │[0m          ╰── Opened here
 [38;5;240m    │[0m 
 [38;5;246m215 │[0m [38;5;249m [0m[38;5;249m [0m[38;5;249m [0m[38;5;249m [0m[38;5;249m [0m[38;5;249m [0m{[38;5;249m/[0m[38;5;249m*[0m[38;5;249m [0m[38;5;249mC[0m[38;5;249mr[0m[38;5;249me[0m[38;5;249ma[0m[38;5;249mt[0m[38;5;249me[0m[38;5;249m [0m[38;5;249mU[0m[38;5;249ms[0m[38;5;249me[0m[38;5;249mr[0m[38;5;249m [0m[38;5;249mM[0m[38;5;249mo[0m[38;5;249md[0m[38;5;249ma[0m[38;5;249ml[0m[38;5;249m [0m[38;5;249m*[0m[38;5;249m/[0m[38;5;249m}[0m
 [38;5;240m    │[0m       ┬  
 [38;5;240m    │[0m       ╰── `,` or `)` expected
[38;5;246m─────╯[0m
[39m
  Plugin: [35mvite:oxc[39m
  File: [36mC:/Users/ritik/OneDrive/Desktop/help desk/client/src/pages/UserPage.tsx[39m
      at transformWithOxc (file:///C:/Users/ritik/OneDrive/Desktop/help%20desk/node_modules/.bun/vite@8.1.4+3b4241e6af1d67c7/node_modules/vite/dist/node/chunks/node.js:4017:19)
      at TransformPluginContext.transform (file:///C:/Users/ritik/OneDrive/Desktop/help%20desk/node_modules/.bun/vite@8.1.4+3b4241e6af1d67c7/node_modules/vite/dist/node/chunks/node.js:4088:26)
      at EnvironmentPluginContainer.transform (file:///C:/Users/ritik/OneDrive/Desktop/help%20desk/node_modules/.bun/vite@8.1.4+3b4241e6af1d67c7/node_modules/vite/dist/node/chunks/node.js:30151:51)
      at async loadAndTransform (file:///C:/Users/ritik/OneDrive/Desktop/help%20desk/node_modules/.bun/vite@8.1.4+3b4241e6af1d67c7/node_modules/vite/dist/node/chunks/node.js:20098:26)
      at async viteTransformMiddleware (file:///C:/Users/ritik/OneDrive/Desktop/help%20desk/node_modules/.bun/vite@8.1.4+3b4241e6af1d67c7/node_modules/vite/dist/node/chunks/node.js:24559:20)
[2m6:13:59 PM[22m [31m[1m[vite][22m[39m [31m[2m(client)[22m[39m Pre-transform error: Transform failed with 1 error:

[31m[PARSE_ERROR] [0mExpected `,` or `)` but found `{`
     [38;5;246m╭[0m[38;5;246m─[0m[38;5;246m[[0m src/pages/UserPage.tsx:215:7 [38;5;246m][0m
     [38;5;246m│[0m
 [38;5;246m137 │[0m [38;5;249m [0m[38;5;249m [0m[38;5;249mr[0m[38;5;249me[0m[38;5;249mt[0m[38;5;249mu[0m[38;5;249mr[0m[38;5;249mn[0m[38;5;249m [0m(
 [38;5;240m    │[0m          ┬  
 [38;5;240m    │[0m          ╰── Opened here
 [38;5;240m    │[0m 
 [38;5;246m215 │[0m [38;5;249m [0m[38;5;249m [0m[38;5;249m [0m[38;5;249m [0m[38;5;249m [0m[38;5;249m [0m{[38;5;249m/[0m[38;5;249m*[0m[38;5;249m [0m[38;5;249mC[0m[38;5;249mr[0m[38;5;249me[0m[38;5;249ma[0m[38;5;249mt[0m[38;5;249me[0m[38;5;249m [0m[38;5;249mU[0m[38;5;249ms[0m[38;5;249me[0m[38;5;249mr[0m[38;5;249m [0m[38;5;249mM[0m[38;5;249mo[0m[38;5;249md[0m[38;5;249ma[0m[38;5;249ml[0m[38;5;249m [0m[38;5;249m*[0m[38;5;249m/[0m[38;5;249m}[0m
 [38;5;240m    │[0m       ┬  
 [38;5;240m    │[0m       ╰── `,` or `)` expected
[38;5;246m─────╯[0m

  Plugin: [35mvite:oxc[39m
  File: [36mC:/Users/ritik/OneDrive/Desktop/help desk/client/src/pages/UserPage.tsx[39m
[2m6:13:59 PM[22m [31m[1m[vite][22m[39m [31mInternal server error: Transform failed with 1 error:

[31m[PARSE_ERROR] [0mExpected `,` or `)` but found `{`
     [38;5;246m╭[0m[38;5;246m─[0m[38;5;246m[[0m src/pages/UserPage.tsx:215:7 [38;5;246m][0m
     [38;5;246m│[0m
 [38;5;246m137 │[0m [38;5;249m [0m[38;5;249m [0m[38;5;249mr[0m[38;5;249me[0m[38;5;249mt[0m[38;5;249mu[0m[38;5;249mr[0m[38;5;249mn[0m[38;5;249m [0m(
 [38;5;240m    │[0m          ┬  
 [38;5;240m    │[0m          ╰── Opened here
 [38;5;240m    │[0m 
 [38;5;246m215 │[0m [38;5;249m [0m[38;5;249m [0m[38;5;249m [0m[38;5;249m [0m[38;5;249m [0m[38;5;249m [0m{[38;5;249m/[0m[38;5;249m*[0m[38;5;249m [0m[38;5;249mC[0m[38;5;249mr[0m[38;5;249me[0m[38;5;249ma[0m[38;5;249mt[0m[38;5;249me[0m[38;5;249m [0m[38;5;249mU[0m[38;5;249ms[0m[38;5;249me[0m[38;5;249mr[0m[38;5;249m [0m[38;5;249mM[0m[38;5;249mo[0m[38;5;249md[0m[38;5;249ma[0m[38;5;249ml[0m[38;5;249m [0m[38;5;249m*[0m[38;5;249m/[0m[38;5;249m}[0m
 [38;5;240m    │[0m       ┬  
 [38;5;240m    │[0m       ╰── `,` or `)` expected
[38;5;246m─────╯[0m
[39m
  Plugin: [35mvite:oxc[39m
  File: [36mC:/Users/ritik/OneDrive/Desktop/help desk/client/src/pages/UserPage.tsx[39m
      at transformWithOxc (file:///C:/Users/ritik/OneDrive/Desktop/help%20desk/node_modules/.bun/vite@8.1.4+3b4241e6af1d67c7/node_modules/vite/dist/node/chunks/node.js:4017:19)
      at TransformPluginContext.transform (file:///C:/Users/ritik/OneDrive/Desktop/help%20desk/node_modules/.bun/vite@8.1.4+3b4241e6af1d67c7/node_modules/vite/dist/node/chunks/node.js:4088:26)
      at EnvironmentPluginContainer.transform (file:///C:/Users/ritik/OneDrive/Desktop/help%20desk/node_modules/.bun/vite@8.1.4+3b4241e6af1d67c7/node_modules/vite/dist/node/chunks/node.js:30151:51)
      at async loadAndTransform (file:///C:/Users/ritik/OneDrive/Desktop/help%20desk/node_modules/.bun/vite@8.1.4+3b4241e6af1d67c7/node_modules/vite/dist/node/chunks/node.js:20098:26)
      at async viteTransformMiddleware (file:///C:/Users/ritik/OneDrive/Desktop/help%20desk/node_modules/.bun/vite@8.1.4+3b4241e6af1d67c7/node_modules/vite/dist/node/chunks/node.js:24559:20)
[2m6:14:08 PM[22m [31m[1m[vite][22m[39m [31m[2m(client)[22m[39m Pre-transform error: Transform failed with 1 error:

[31m[PARSE_ERROR] [0mExpected `,` or `)` but found `{`
     [38;5;246m╭[0m[38;5;246m─[0m[38;5;246m[[0m src/pages/UserPage.tsx:215:7 [38;5;246m][0m
     [38;5;246m│[0m
 [38;5;246m137 │[0m [38;5;249m [0m[38;5;249m [0m[38;5;249mr[0m[38;5;249me[0m[38;5;249mt[0m[38;5;249mu[0m[38;5;249mr[0m[38;5;249mn[0m[38;5;249m [0m(
 [38;5;240m    │[0m          ┬  
 [38;5;240m    │[0m          ╰── Opened here
 [38;5;240m    │[0m 
 [38;5;246m215 │[0m [38;5;249m [0m[38;5;249m [0m[38;5;249m [0m[38;5;249m [0m[38;5;249m [0m[38;5;249m [0m{[38;5;249m/[0m[38;5;249m*[0m[38;5;249m [0m[38;5;249mC[0m[38;5;249mr[0m[38;5;249me[0m[38;5;249ma[0m[38;5;249mt[0m[38;5;249me[0m[38;5;249m [0m[38;5;249mU[0m[38;5;249ms[0m[38;5;249me[0m[38;5;249mr[0m[38;5;249m [0m[38;5;249mM[0m[38;5;249mo[0m[38;5;249md[0m[38;5;249ma[0m[38;5;249ml[0m[38;5;249m [0m[38;5;249m*[0m[38;5;249m/[0m[38;5;249m}[0m
 [38;5;240m    │[0m       ┬  
 [38;5;240m    │[0m       ╰── `,` or `)` expected
[38;5;246m─────╯[0m

  Plugin: [35mvite:oxc[39m
  File: [36mC:/Users/ritik/OneDrive/Desktop/help desk/client/src/pages/UserPage.tsx[39m
[2m6:14:08 PM[22m [31m[1m[vite][22m[39m [31mInternal server error: Transform failed with 1 error:

[31m[PARSE_ERROR] [0mExpected `,` or `)` but found `{`
     [38;5;246m╭[0m[38;5;246m─[0m[38;5;246m[[0m src/pages/UserPage.tsx:215:7 [38;5;246m][0m
     [38;5;246m│[0m
 [38;5;246m137 │[0m [38;5;249m [0m[38;5;249m [0m[38;5;249mr[0m[38;5;249me[0m[38;5;249mt[0m[38;5;249mu[0m[38;5;249mr[0m[38;5;249mn[0m[38;5;249m [0m(
 [38;5;240m    │[0m          ┬  
 [38;5;240m    │[0m          ╰── Opened here
 [38;5;240m    │[0m 
 [38;5;246m215 │[0m [38;5;249m [0m[38;5;249m [0m[38;5;249m [0m[38;5;249m [0m[38;5;249m [0m[38;5;249m [0m{[38;5;249m/[0m[38;5;249m*[0m[38;5;249m [0m[38;5;249mC[0m[38;5;249mr[0m[38;5;249me[0m[38;5;249ma[0m[38;5;249mt[0m[38;5;249me[0m[38;5;249m [0m[38;5;249mU[0m[38;5;249ms[0m[38;5;249me[0m[38;5;249mr[0m[38;5;249m [0m[38;5;249mM[0m[38;5;249mo[0m[38;5;249md[0m[38;5;249ma[0m[38;5;249ml[0m[38;5;249m [0m[38;5;249m*[0m[38;5;249m/[0m[38;5;249m}[0m
 [38;5;240m    │[0m       ┬  
 [38;5;240m    │[0m       ╰── `,` or `)` expected
[38;5;246m─────╯[0m
[39m
  Plugin: [35mvite:oxc[39m
  File: [36mC:/Users/ritik/OneDrive/Desktop/help desk/client/src/pages/UserPage.tsx[39m
      at transformWithOxc (file:///C:/Users/ritik/OneDrive/Desktop/help%20desk/node_modules/.bun/vite@8.1.4+3b4241e6af1d67c7/node_modules/vite/dist/node/chunks/node.js:4017:19)
      at TransformPluginContext.transform (file:///C:/Users/ritik/OneDrive/Desktop/help%20desk/node_modules/.bun/vite@8.1.4+3b4241e6af1d67c7/node_modules/vite/dist/node/chunks/node.js:4088:26)
      at EnvironmentPluginContainer.transform (file:///C:/Users/ritik/OneDrive/Desktop/help%20desk/node_modules/.bun/vite@8.1.4+3b4241e6af1d67c7/node_modules/vite/dist/node/chunks/node.js:30151:51)
      at async loadAndTransform (file:///C:/Users/ritik/OneDrive/Desktop/help%20desk/node_modules/.bun/vite@8.1.4+3b4241e6af1d67c7/node_modules/vite/dist/node/chunks/node.js:20098:26)
      at async viteTransformMiddleware (file:///C:/Users/ritik/OneDrive/Desktop/help%20desk/node_modules/.bun/vite@8.1.4+3b4241e6af1d67c7/node_modules/vite/dist/node/chunks/node.js:24559:20)
[2m6:14:09 PM[22m [31m[1m[vite][22m[39m [31m[2m(client)[22m[39m Pre-transform error: Transform failed with 1 error:

[31m[PARSE_ERROR] [0mExpected `,` or `)` but found `{`
     [38;5;246m╭[0m[38;5;246m─[0m[38;5;246m[[0m src/pages/UserPage.tsx:215:7 [38;5;246m][0m
     [38;5;246m│[0m
 [38;5;246m137 │[0m [38;5;249m [0m[38;5;249m [0m[38;5;249mr[0m[38;5;249me[0m[38;5;249mt[0m[38;5;249mu[0m[38;5;249mr[0m[38;5;249mn[0m[38;5;249m [0m(
 [38;5;240m    │[0m          ┬  
 [38;5;240m    │[0m          ╰── Opened here
 [38;5;240m    │[0m 
 [38;5;246m215 │[0m [38;5;249m [0m[38;5;249m [0m[38;5;249m [0m[38;5;249m [0m[38;5;249m [0m[38;5;249m [0m{[38;5;249m/[0m[38;5;249m*[0m[38;5;249m [0m[38;5;249mC[0m[38;5;249mr[0m[38;5;249me[0m[38;5;249ma[0m[38;5;249mt[0m[38;5;249me[0m[38;5;249m [0m[38;5;249mU[0m[38;5;249ms[0m[38;5;249me[0m[38;5;249mr[0m[38;5;249m [0m[38;5;249mM[0m[38;5;249mo[0m[38;5;249md[0m[38;5;249ma[0m[38;5;249ml[0m[38;5;249m [0m[38;5;249m*[0m[38;5;249m/[0m[38;5;249m}[0m
 [38;5;240m    │[0m       ┬  
 [38;5;240m    │[0m       ╰── `,` or `)` expected
[38;5;246m─────╯[0m

  Plugin: [35mvite:oxc[39m
  File: [36mC:/Users/ritik/OneDrive/Desktop/help desk/client/src/pages/UserPage.tsx[39m
[2m6:14:09 PM[22m [31m[1m[vite][22m[39m [31mInternal server error: Transform failed with 1 error:

[31m[PARSE_ERROR] [0mExpected `,` or `)` but found `{`
     [38;5;246m╭[0m[38;5;246m─[0m[38;5;246m[[0m src/pages/UserPage.tsx:215:7 [38;5;246m][0m
     [38;5;246m│[0m
 [38;5;246m137 │[0m [38;5;249m [0m[38;5;249m [0m[38;5;249mr[0m[38;5;249me[0m[38;5;249mt[0m[38;5;249mu[0m[38;5;249mr[0m[38;5;249mn[0m[38;5;249m [0m(
 [38;5;240m    │[0m          ┬  
 [38;5;240m    │[0m          ╰── Opened here
 [38;5;240m    │[0m 
 [38;5;246m215 │[0m [38;5;249m [0m[38;5;249m [0m[38;5;249m [0m[38;5;249m [0m[38;5;249m [0m[38;5;249m [0m{[38;5;249m/[0m[38;5;249m*[0m[38;5;249m [0m[38;5;249mC[0m[38;5;249mr[0m[38;5;249me[0m[38;5;249ma[0m[38;5;249mt[0m[38;5;249me[0m[38;5;249m [0m[38;5;249mU[0m[38;5;249ms[0m[38;5;249me[0m[38;5;249mr[0m[38;5;249m [0m[38;5;249mM[0m[38;5;249mo[0m[38;5;249md[0m[38;5;249ma[0m[38;5;249ml[0m[38;5;249m [0m[38;5;249m*[0m[38;5;249m/[0m[38;5;249m}[0m
 [38;5;240m    │[0m       ┬  
 [38;5;240m    │[0m       ╰── `,` or `)` expected
[38;5;246m─────╯[0m
[39m
  Plugin: [35mvite:oxc[39m
  File: [36mC:/Users/ritik/OneDrive/Desktop/help desk/client/src/pages/UserPage.tsx[39m
      at transformWithOxc (file:///C:/Users/ritik/OneDrive/Desktop/help%20desk/node_modules/.bun/vite@8.1.4+3b4241e6af1d67c7/node_modules/vite/dist/node/chunks/node.js:4017:19)
      at TransformPluginContext.transform (file:///C:/Users/ritik/OneDrive/Desktop/help%20desk/node_modules/.bun/vite@8.1.4+3b4241e6af1d67c7/node_modules/vite/dist/node/chunks/node.js:4088:26)
      at EnvironmentPluginContainer.transform (file:///C:/Users/ritik/OneDrive/Desktop/help%20desk/node_modules/.bun/vite@8.1.4+3b4241e6af1d67c7/node_modules/vite/dist/node/chunks/node.js:30151:51)
      at async loadAndTransform (file:///C:/Users/ritik/OneDrive/Desktop/help%20desk/node_modules/.bun/vite@8.1.4+3b4241e6af1d67c7/node_modules/vite/dist/node/chunks/node.js:20098:26)
      at async viteTransformMiddleware (file:///C:/Users/ritik/OneDrive/Desktop/help%20desk/node_modules/.bun/vite@8.1.4+3b4241e6af1d67c7/node_modules/vite/dist/node/chunks/node.js:24559:20)
[2m6:14:09 PM[22m [31m[1m[vite][22m[39m [31m[2m(client)[22m[39m Pre-transform error: Transform failed with 1 error:

[31m[PARSE_ERROR] [0mExpected `,` or `)` but found `{`
     [38;5;246m╭[0m[38;5;246m─[0m[38;5;246m[[0m src/pages/UserPage.tsx:215:7 [38;5;246m][0m
     [38;5;246m│[0m
 [38;5;246m137 │[0m [38;5;249m [0m[38;5;249m [0m[38;5;249mr[0m[38;5;249me[0m[38;5;249mt[0m[38;5;249mu[0m[38;5;249mr[0m[38;5;249mn[0m[38;5;249m [0m(
 [38;5;240m    │[0m          ┬  
 [38;5;240m    │[0m          ╰── Opened here
 [38;5;240m    │[0m 
 [38;5;246m215 │[0m [38;5;249m [0m[38;5;249m [0m[38;5;249m [0m[38;5;249m [0m[38;5;249m [0m[38;5;249m [0m{[38;5;249m/[0m[38;5;249m*[0m[38;5;249m [0m[38;5;249mC[0m[38;5;249mr[0m[38;5;249me[0m[38;5;249ma[0m[38;5;249mt[0m[38;5;249me[0m[38;5;249m [0m[38;5;249mU[0m[38;5;249ms[0m[38;5;249me[0m[38;5;249mr[0m[38;5;249m [0m[38;5;249mM[0m[38;5;249mo[0m[38;5;249md[0m[38;5;249ma[0m[38;5;249ml[0m[38;5;249m [0m[38;5;249m*[0m[38;5;249m/[0m[38;5;249m}[0m
 [38;5;240m    │[0m       ┬  
 [38;5;240m    │[0m       ╰── `,` or `)` expected
[38;5;246m─────╯[0m

  Plugin: [35mvite:oxc[39m
  File: [36mC:/Users/ritik/OneDrive/Desktop/help desk/client/src/pages/UserPage.tsx[39m
[2m6:14:09 PM[22m [31m[1m[vite][22m[39m [31mInternal server error: Transform failed with 1 error:

[31m[PARSE_ERROR] [0mExpected `,` or `)` but found `{`
     [38;5;246m╭[0m[38;5;246m─[0m[38;5;246m[[0m src/pages/UserPage.tsx:215:7 [38;5;246m][0m
     [38;5;246m│[0m
 [38;5;246m137 │[0m [38;5;249m [0m[38;5;249m [0m[38;5;249mr[0m[38;5;249me[0m[38;5;249mt[0m[38;5;249mu[0m[38;5;249mr[0m[38;5;249mn[0m[38;5;249m [0m(
 [38;5;240m    │[0m          ┬  
 [38;5;240m    │[0m          ╰── Opened here
 [38;5;240m    │[0m 
 [38;5;246m215 │[0m [38;5;249m [0m[38;5;249m [0m[38;5;249m [0m[38;5;249m [0m[38;5;249m [0m[38;5;249m [0m{[38;5;249m/[0m[38;5;249m*[0m[38;5;249m [0m[38;5;249mC[0m[38;5;249mr[0m[38;5;249me[0m[38;5;249ma[0m[38;5;249mt[0m[38;5;249me[0m[38;5;249m [0m[38;5;249mU[0m[38;5;249ms[0m[38;5;249me[0m[38;5;249mr[0m[38;5;249m [0m[38;5;249mM[0m[38;5;249mo[0m[38;5;249md[0m[38;5;249ma[0m[38;5;249ml[0m[38;5;249m [0m[38;5;249m*[0m[38;5;249m/[0m[38;5;249m}[0m
 [38;5;240m    │[0m       ┬  
 [38;5;240m    │[0m       ╰── `,` or `)` expected
[38;5;246m─────╯[0m
[39m
  Plugin: [35mvite:oxc[39m
  File: [36mC:/Users/ritik/OneDrive/Desktop/help desk/client/src/pages/UserPage.tsx[39m
      at transformWithOxc (file:///C:/Users/ritik/OneDrive/Desktop/help%20desk/node_modules/.bun/vite@8.1.4+3b4241e6af1d67c7/node_modules/vite/dist/node/chunks/node.js:4017:19)
      at TransformPluginContext.transform (file:///C:/Users/ritik/OneDrive/Desktop/help%20desk/node_modules/.bun/vite@8.1.4+3b4241e6af1d67c7/node_modules/vite/dist/node/chunks/node.js:4088:26)
      at EnvironmentPluginContainer.transform (file:///C:/Users/ritik/OneDrive/Desktop/help%20desk/node_modules/.bun/vite@8.1.4+3b4241e6af1d67c7/node_modules/vite/dist/node/chunks/node.js:30151:51)
      at async loadAndTransform (file:///C:/Users/ritik/OneDrive/Desktop/help%20desk/node_modules/.bun/vite@8.1.4+3b4241e6af1d67c7/node_modules/vite/dist/node/chunks/node.js:20098:26)
      at async viteTransformMiddleware (file:///C:/Users/ritik/OneDrive/Desktop/help%20desk/node_modules/.bun/vite@8.1.4+3b4241e6af1d67c7/node_modules/vite/dist/node/chunks/node.js:24559:20)
[2m6:14:10 PM[22m [31m[1m[vite][22m[39m [31m[2m(client)[22m[39m Pre-transform error: Transform failed with 1 error:

[31m[PARSE_ERROR] [0mExpected `,` or `)` but found `{`
     [38;5;246m╭[0m[38;5;246m─[0m[38;5;246m[[0m src/pages/UserPage.tsx:215:7 [38;5;246m][0m
     [38;5;246m│[0m
 [38;5;246m137 │[0m [38;5;249m [0m[38;5;249m [0m[38;5;249mr[0m[38;5;249me[0m[38;5;249mt[0m[38;5;249mu[0m[38;5;249mr[0m[38;5;249mn[0m[38;5;249m [0m(
 [38;5;240m    │[0m          ┬  
 [38;5;240m    │[0m          ╰── Opened here
 [38;5;240m    │[0m 
 [38;5;246m215 │[0m [38;5;249m [0m[38;5;249m [0m[38;5;249m [0m[38;5;249m [0m[38;5;249m [0m[38;5;249m [0m{[38;5;249m/[0m[38;5;249m*[0m[38;5;249m [0m[38;5;249mC[0m[38;5;249mr[0m[38;5;249me[0m[38;5;249ma[0m[38;5;249mt[0m[38;5;249me[0m[38;5;249m [0m[38;5;249mU[0m[38;5;249ms[0m[38;5;249me[0m[38;5;249mr[0m[38;5;249m [0m[38;5;249mM[0m[38;5;249mo[0m[38;5;249md[0m[38;5;249ma[0m[38;5;249ml[0m[38;5;249m [0m[38;5;249m*[0m[38;5;249m/[0m[38;5;249m}[0m
 [38;5;240m    │[0m       ┬  
 [38;5;240m    │[0m       ╰── `,` or `)` expected
[38;5;246m─────╯[0m

  Plugin: [35mvite:oxc[39m
  File: [36mC:/Users/ritik/OneDrive/Desktop/help desk/client/src/pages/UserPage.tsx[39m
[2m6:14:10 PM[22m [31m[1m[vite][22m[39m [31mInternal server error: Transform failed with 1 error:

[31m[PARSE_ERROR] [0mExpected `,` or `)` but found `{`
     [38;5;246m╭[0m[38;5;246m─[0m[38;5;246m[[0m src/pages/UserPage.tsx:215:7 [38;5;246m][0m
     [38;5;246m│[0m
 [38;5;246m137 │[0m [38;5;249m [0m[38;5;249m [0m[38;5;249mr[0m[38;5;249me[0m[38;5;249mt[0m[38;5;249mu[0m[38;5;249mr[0m[38;5;249mn[0m[38;5;249m [0m(
 [38;5;240m    │[0m          ┬  
 [38;5;240m    │[0m          ╰── Opened here
 [38;5;240m    │[0m 
 [38;5;246m215 │[0m [38;5;249m [0m[38;5;249m [0m[38;5;249m [0m[38;5;249m [0m[38;5;249m [0m[38;5;249m [0m{[38;5;249m/[0m[38;5;249m*[0m[38;5;249m [0m[38;5;249mC[0m[38;5;249mr[0m[38;5;249me[0m[38;5;249ma[0m[38;5;249mt[0m[38;5;249me[0m[38;5;249m [0m[38;5;249mU[0m[38;5;249ms[0m[38;5;249me[0m[38;5;249mr[0m[38;5;249m [0m[38;5;249mM[0m[38;5;249mo[0m[38;5;249md[0m[38;5;249ma[0m[38;5;249ml[0m[38;5;249m [0m[38;5;249m*[0m[38;5;249m/[0m[38;5;249m}[0m
 [38;5;240m    │[0m       ┬  
 [38;5;240m    │[0m       ╰── `,` or `)` expected
[38;5;246m─────╯[0m
[39m
  Plugin: [35mvite:oxc[39m
  File: [36mC:/Users/ritik/OneDrive/Desktop/help desk/client/src/pages/UserPage.tsx[39m
      at transformWithOxc (file:///C:/Users/ritik/OneDrive/Desktop/help%20desk/node_modules/.bun/vite@8.1.4+3b4241e6af1d67c7/node_modules/vite/dist/node/chunks/node.js:4017:19)
      at TransformPluginContext.transform (file:///C:/Users/ritik/OneDrive/Desktop/help%20desk/node_modules/.bun/vite@8.1.4+3b4241e6af1d67c7/node_modules/vite/dist/node/chunks/node.js:4088:26)
      at EnvironmentPluginContainer.transform (file:///C:/Users/ritik/OneDrive/Desktop/help%20desk/node_modules/.bun/vite@8.1.4+3b4241e6af1d67c7/node_modules/vite/dist/node/chunks/node.js:30151:51)
      at async loadAndTransform (file:///C:/Users/ritik/OneDrive/Desktop/help%20desk/node_modules/.bun/vite@8.1.4+3b4241e6af1d67c7/node_modules/vite/dist/node/chunks/node.js:20098:26)
      at async viteTransformMiddleware (file:///C:/Users/ritik/OneDrive/Desktop/help%20desk/node_modules/.bun/vite@8.1.4+3b4241e6af1d67c7/node_modules/vite/dist/node/chunks/node.js:24559:20)
[2m6:14:10 PM[22m [31m[1m[vite][22m[39m [31m[2m(client)[22m[39m Pre-transform error: Transform failed with 1 error:

[31m[PARSE_ERROR] [0mExpected `,` or `)` but found `{`
     [38;5;246m╭[0m[38;5;246m─[0m[38;5;246m[[0m src/pages/UserPage.tsx:215:7 [38;5;246m][0m
     [38;5;246m│[0m
 [38;5;246m137 │[0m [38;5;249m [0m[38;5;249m [0m[38;5;249mr[0m[38;5;249me[0m[38;5;249mt[0m[38;5;249mu[0m[38;5;249mr[0m[38;5;249mn[0m[38;5;249m [0m(
 [38;5;240m    │[0m          ┬  
 [38;5;240m    │[0m          ╰── Opened here
 [38;5;240m    │[0m 
 [38;5;246m215 │[0m [38;5;249m [0m[38;5;249m [0m[38;5;249m [0m[38;5;249m [0m[38;5;249m [0m[38;5;249m [0m{[38;5;249m/[0m[38;5;249m*[0m[38;5;249m [0m[38;5;249mC[0m[38;5;249mr[0m[38;5;249me[0m[38;5;249ma[0m[38;5;249mt[0m[38;5;249me[0m[38;5;249m [0m[38;5;249mU[0m[38;5;249ms[0m[38;5;249me[0m[38;5;249mr[0m[38;5;249m [0m[38;5;249mM[0m[38;5;249mo[0m[38;5;249md[0m[38;5;249ma[0m[38;5;249ml[0m[38;5;249m [0m[38;5;249m*[0m[38;5;249m/[0m[38;5;249m}[0m
 [38;5;240m    │[0m       ┬  
 [38;5;240m    │[0m       ╰── `,` or `)` expected
[38;5;246m─────╯[0m

  Plugin: [35mvite:oxc[39m
  File: [36mC:/Users/ritik/OneDrive/Desktop/help desk/client/src/pages/UserPage.tsx[39m
[2m6:14:10 PM[22m [31m[1m[vite][22m[39m [31mInternal server error: Transform failed with 1 error:

[31m[PARSE_ERROR] [0mExpected `,` or `)` but found `{`
     [38;5;246m╭[0m[38;5;246m─[0m[38;5;246m[[0m src/pages/UserPage.tsx:215:7 [38;5;246m][0m
     [38;5;246m│[0m
 [38;5;246m137 │[0m [38;5;249m [0m[38;5;249m [0m[38;5;249mr[0m[38;5;249me[0m[38;5;249mt[0m[38;5;249mu[0m[38;5;249mr[0m[38;5;249mn[0m[38;5;249m [0m(
 [38;5;240m    │[0m          ┬  
 [38;5;240m    │[0m          ╰── Opened here
 [38;5;240m    │[0m 
 [38;5;246m215 │[0m [38;5;249m [0m[38;5;249m [0m[38;5;249m [0m[38;5;249m [0m[38;5;249m [0m[38;5;249m [0m{[38;5;249m/[0m[38;5;249m*[0m[38;5;249m [0m[38;5;249mC[0m[38;5;249mr[0m[38;5;249me[0m[38;5;249ma[0m[38;5;249mt[0m[38;5;249me[0m[38;5;249m [0m[38;5;249mU[0m[38;5;249ms[0m[38;5;249me[0m[38;5;249mr[0m[38;5;249m [0m[38;5;249mM[0m[38;5;249mo[0m[38;5;249md[0m[38;5;249ma[0m[38;5;249ml[0m[38;5;249m [0m[38;5;249m*[0m[38;5;249m/[0m[38;5;249m}[0m
 [38;5;240m    │[0m       ┬  
 [38;5;240m    │[0m       ╰── `,` or `)` expected
[38;5;246m─────╯[0m
[39m
  Plugin: [35mvite:oxc[39m
  File: [36mC:/Users/ritik/OneDrive/Desktop/help desk/client/src/pages/UserPage.tsx[39m
      at transformWithOxc (file:///C:/Users/ritik/OneDrive/Desktop/help%20desk/node_modules/.bun/vite@8.1.4+3b4241e6af1d67c7/node_modules/vite/dist/node/chunks/node.js:4017:19)
      at TransformPluginContext.transform (file:///C:/Users/ritik/OneDrive/Desktop/help%20desk/node_modules/.bun/vite@8.1.4+3b4241e6af1d67c7/node_modules/vite/dist/node/chunks/node.js:4088:26)
      at EnvironmentPluginContainer.transform (file:///C:/Users/ritik/OneDrive/Desktop/help%20desk/node_modules/.bun/vite@8.1.4+3b4241e6af1d67c7/node_modules/vite/dist/node/chunks/node.js:30151:51)
      at async loadAndTransform (file:///C:/Users/ritik/OneDrive/Desktop/help%20desk/node_modules/.bun/vite@8.1.4+3b4241e6af1d67c7/node_modules/vite/dist/node/chunks/node.js:20098:26)
      at async viteTransformMiddleware (file:///C:/Users/ritik/OneDrive/Desktop/help%20desk/node_modules/.bun/vite@8.1.4+3b4241e6af1d67c7/node_modules/vite/dist/node/chunks/node.js:24559:20)
[2m6:14:14 PM[22m [31m[1m[vite][22m[39m [31m[2m(client)[22m[39m Pre-transform error: Transform failed with 1 error:

[31m[PARSE_ERROR] [0mExpected `,` or `)` but found `{`
     [38;5;246m╭[0m[38;5;246m─[0m[38;5;246m[[0m src/pages/UserPage.tsx:215:7 [38;5;246m][0m
     [38;5;246m│[0m
 [38;5;246m137 │[0m [38;5;249m [0m[38;5;249m [0m[38;5;249mr[0m[38;5;249me[0m[38;5;249mt[0m[38;5;249mu[0m[38;5;249mr[0m[38;5;249mn[0m[38;5;249m [0m(
 [38;5;240m    │[0m          ┬  
 [38;5;240m    │[0m          ╰── Opened here
 [38;5;240m    │[0m 
 [38;5;246m215 │[0m [38;5;249m [0m[38;5;249m [0m[38;5;249m [0m[38;5;249m [0m[38;5;249m [0m[38;5;249m [0m{[38;5;249m/[0m[38;5;249m*[0m[38;5;249m [0m[38;5;249mC[0m[38;5;249mr[0m[38;5;249me[0m[38;5;249ma[0m[38;5;249mt[0m[38;5;249me[0m[38;5;249m [0m[38;5;249mU[0m[38;5;249ms[0m[38;5;249me[0m[38;5;249mr[0m[38;5;249m [0m[38;5;249mM[0m[38;5;249mo[0m[38;5;249md[0m[38;5;249ma[0m[38;5;249ml[0m[38;5;249m [0m[38;5;249m*[0m[38;5;249m/[0m[38;5;249m}[0m
 [38;5;240m    │[0m       ┬  
 [38;5;240m    │[0m       ╰── `,` or `)` expected
[38;5;246m─────╯[0m

  Plugin: [35mvite:oxc[39m
  File: [36mC:/Users/ritik/OneDrive/Desktop/help desk/client/src/pages/UserPage.tsx[39m
[2m6:14:15 PM[22m [31m[1m[vite][22m[39m [31m[2m(client)[22m[39m Pre-transform error: Transform failed with 1 error:

[31m[PARSE_ERROR] [0mExpected `,` or `)` but found `{`
     [38;5;246m╭[0m[38;5;246m─[0m[38;5;246m[[0m src/pages/UserPage.tsx:215:7 [38;5;246m][0m
     [38;5;246m│[0m
 [38;5;246m137 │[0m [38;5;249m [0m[38;5;249m [0m[38;5;249mr[0m[38;5;249me[0m[38;5;249mt[0m[38;5;249mu[0m[38;5;249mr[0m[38;5;249mn[0m[38;5;249m [0m(
 [38;5;240m    │[0m          ┬  
 [38;5;240m    │[0m          ╰── Opened here
 [38;5;240m    │[0m 
 [38;5;246m215 │[0m [38;5;249m [0m[38;5;249m [0m[38;5;249m [0m[38;5;249m [0m[38;5;249m [0m[38;5;249m [0m{[38;5;249m/[0m[38;5;249m*[0m[38;5;249m [0m[38;5;249mC[0m[38;5;249mr[0m[38;5;249me[0m[38;5;249ma[0m[38;5;249mt[0m[38;5;249me[0m[38;5;249m [0m[38;5;249mU[0m[38;5;249ms[0m[38;5;249me[0m[38;5;249mr[0m[38;5;249m [0m[38;5;249mM[0m[38;5;249mo[0m[38;5;249md[0m[38;5;249ma[0m[38;5;249ml[0m[38;5;249m [0m[38;5;249m*[0m[38;5;249m/[0m[38;5;249m}[0m
 [38;5;240m    │[0m       ┬  
 [38;5;240m    │[0m       ╰── `,` or `)` expected
[38;5;246m─────╯[0m

  Plugin: [35mvite:oxc[39m
  File: [36mC:/Users/ritik/OneDrive/Desktop/help desk/client/src/pages/UserPage.tsx[39m
[2m6:14:15 PM[22m [31m[1m[vite][22m[39m [31mInternal server error: Transform failed with 1 error:

[31m[PARSE_ERROR] [0mExpected `,` or `)` but found `{`
     [38;5;246m╭[0m[38;5;246m─[0m[38;5;246m[[0m src/pages/UserPage.tsx:215:7 [38;5;246m][0m
     [38;5;246m│[0m
 [38;5;246m137 │[0m [38;5;249m [0m[38;5;249m [0m[38;5;249mr[0m[38;5;249me[0m[38;5;249mt[0m[38;5;249mu[0m[38;5;249mr[0m[38;5;249mn[0m[38;5;249m [0m(
 [38;5;240m    │[0m          ┬  
 [38;5;240m    │[0m          ╰── Opened here
 [38;5;240m    │[0m 
 [38;5;246m215 │[0m [38;5;249m [0m[38;5;249m [0m[38;5;249m [0m[38;5;249m [0m[38;5;249m [0m[38;5;249m [0m{[38;5;249m/[0m[38;5;249m*[0m[38;5;249m [0m[38;5;249mC[0m[38;5;249mr[0m[38;5;249me[0m[38;5;249ma[0m[38;5;249mt[0m[38;5;249me[0m[38;5;249m [0m[38;5;249mU[0m[38;5;249ms[0m[38;5;249me[0m[38;5;249mr[0m[38;5;249m [0m[38;5;249mM[0m[38;5;249mo[0m[38;5;249md[0m[38;5;249ma[0m[38;5;249ml[0m[38;5;249m [0m[38;5;249m*[0m[38;5;249m/[0m[38;5;249m}[0m
 [38;5;240m    │[0m       ┬  
 [38;5;240m    │[0m       ╰── `,` or `)` expected
[38;5;246m─────╯[0m
[39m
  Plugin: [35mvite:oxc[39m
  File: [36mC:/Users/ritik/OneDrive/Desktop/help desk/client/src/pages/UserPage.tsx[39m
      at transformWithOxc (file:///C:/Users/ritik/OneDrive/Desktop/help%20desk/node_modules/.bun/vite@8.1.4+3b4241e6af1d67c7/node_modules/vite/dist/node/chunks/node.js:4017:19)
      at TransformPluginContext.transform (file:///C:/Users/ritik/OneDrive/Desktop/help%20desk/node_modules/.bun/vite@8.1.4+3b4241e6af1d67c7/node_modules/vite/dist/node/chunks/node.js:4088:26)
      at EnvironmentPluginContainer.transform (file:///C:/Users/ritik/OneDrive/Desktop/help%20desk/node_modules/.bun/vite@8.1.4+3b4241e6af1d67c7/node_modules/vite/dist/node/chunks/node.js:30151:51)
      at async loadAndTransform (file:///C:/Users/ritik/OneDrive/Desktop/help%20desk/node_modules/.bun/vite@8.1.4+3b4241e6af1d67c7/node_modules/vite/dist/node/chunks/node.js:20098:26)
[2m6:14:15 PM[22m [31m[1m[vite][22m[39m [31m[2m(client)[22m[39m Pre-transform error: Transform failed with 1 error:

[31m[PARSE_ERROR] [0mExpected `,` or `)` but found `{`
     [38;5;246m╭[0m[38;5;246m─[0m[38;5;246m[[0m src/pages/UserPage.tsx:215:7 [38;5;246m][0m
     [38;5;246m│[0m
 [38;5;246m137 │[0m [38;5;249m [0m[38;5;249m [0m[38;5;249mr[0m[38;5;249me[0m[38;5;249mt[0m[38;5;249mu[0m[38;5;249mr[0m[38;5;249mn[0m[38;5;249m [0m(
 [38;5;240m    │[0m          ┬  
 [38;5;240m    │[0m          ╰── Opened here
 [38;5;240m    │[0m 
 [38;5;246m215 │[0m [38;5;249m [0m[38;5;249m [0m[38;5;249m [0m[38;5;249m [0m[38;5;249m [0m[38;5;249m [0m{[38;5;249m/[0m[38;5;249m*[0m[38;5;249m [0m[38;5;249mC[0m[38;5;249mr[0m[38;5;249me[0m[38;5;249ma[0m[38;5;249mt[0m[38;5;249me[0m[38;5;249m [0m[38;5;249mU[0m[38;5;249ms[0m[38;5;249me[0m[38;5;249mr[0m[38;5;249m [0m[38;5;249mM[0m[38;5;249mo[0m[38;5;249md[0m[38;5;249ma[0m[38;5;249ml[0m[38;5;249m [0m[38;5;249m*[0m[38;5;249m/[0m[38;5;249m}[0m
 [38;5;240m    │[0m       ┬  
 [38;5;240m    │[0m       ╰── `,` or `)` expected
[38;5;246m─────╯[0m

  Plugin: [35mvite:oxc[39m
  File: [36mC:/Users/ritik/OneDrive/Desktop/help desk/client/src/pages/UserPage.tsx[39m
[2m6:14:15 PM[22m [31m[1m[vite][22m[39m [31mInternal server error: Transform failed with 1 error:

[31m[PARSE_ERROR] [0mExpected `,` or `)` but found `{`
     [38;5;246m╭[0m[38;5;246m─[0m[38;5;246m[[0m src/pages/UserPage.tsx:215:7 [38;5;246m][0m
     [38;5;246m│[0m
 [38;5;246m137 │[0m [38;5;249m [0m[38;5;249m [0m[38;5;249mr[0m[38;5;249me[0m[38;5;249mt[0m[38;5;249mu[0m[38;5;249mr[0m[38;5;249mn[0m[38;5;249m [0m(
 [38;5;240m    │[0m          ┬  
 [38;5;240m    │[0m          ╰── Opened here
 [38;5;240m    │[0m 
 [38;5;246m215 │[0m [38;5;249m [0m[38;5;249m [0m[38;5;249m [0m[38;5;249m [0m[38;5;249m [0m[38;5;249m [0m{[38;5;249m/[0m[38;5;249m*[0m[38;5;249m [0m[38;5;249mC[0m[38;5;249mr[0m[38;5;249me[0m[38;5;249ma[0m[38;5;249mt[0m[38;5;249me[0m[38;5;249m [0m[38;5;249mU[0m[38;5;249ms[0m[38;5;249me[0m[38;5;249mr[0m[38;5;249m [0m[38;5;249mM[0m[38;5;249mo[0m[38;5;249md[0m[38;5;249ma[0m[38;5;249ml[0m[38;5;249m [0m[38;5;249m*[0m[38;5;249m/[0m[38;5;249m}[0m
 [38;5;240m    │[0m       ┬  
 [38;5;240m    │[0m       ╰── `,` or `)` expected
[38;5;246m─────╯[0m
[39m
  Plugin: [35mvite:oxc[39m
  File: [36mC:/Users/ritik/OneDrive/Desktop/help desk/client/src/pages/UserPage.tsx[39m
      at transformWithOxc (file:///C:/Users/ritik/OneDrive/Desktop/help%20desk/node_modules/.bun/vite@8.1.4+3b4241e6af1d67c7/node_modules/vite/dist/node/chunks/node.js:4017:19)
      at TransformPluginContext.transform (file:///C:/Users/ritik/OneDrive/Desktop/help%20desk/node_modules/.bun/vite@8.1.4+3b4241e6af1d67c7/node_modules/vite/dist/node/chunks/node.js:4088:26)
      at EnvironmentPluginContainer.transform (file:///C:/Users/ritik/OneDrive/Desktop/help%20desk/node_modules/.bun/vite@8.1.4+3b4241e6af1d67c7/node_modules/vite/dist/node/chunks/node.js:30151:51)
      at async loadAndTransform (file:///C:/Users/ritik/OneDrive/Desktop/help%20desk/node_modules/.bun/vite@8.1.4+3b4241e6af1d67c7/node_modules/vite/dist/node/chunks/node.js:20098:26)
[2m6:14:16 PM[22m [31m[1m[vite][22m[39m [31m[2m(client)[22m[39m Pre-transform error: Transform failed with 1 error:

[31m[PARSE_ERROR] [0mExpected `,` or `)` but found `{`
     [38;5;246m╭[0m[38;5;246m─[0m[38;5;246m[[0m src/pages/UserPage.tsx:215:7 [38;5;246m][0m
     [38;5;246m│[0m
 [38;5;246m137 │[0m [38;5;249m [0m[38;5;249m [0m[38;5;249mr[0m[38;5;249me[0m[38;5;249mt[0m[38;5;249mu[0m[38;5;249mr[0m[38;5;249mn[0m[38;5;249m [0m(
 [38;5;240m    │[0m          ┬  
 [38;5;240m    │[0m          ╰── Opened here
 [38;5;240m    │[0m 
 [38;5;246m215 │[0m [38;5;249m [0m[38;5;249m [0m[38;5;249m [0m[38;5;249m [0m[38;5;249m [0m[38;5;249m [0m{[38;5;249m/[0m[38;5;249m*[0m[38;5;249m [0m[38;5;249mC[0m[38;5;249mr[0m[38;5;249me[0m[38;5;249ma[0m[38;5;249mt[0m[38;5;249me[0m[38;5;249m [0m[38;5;249mU[0m[38;5;249ms[0m[38;5;249me[0m[38;5;249mr[0m[38;5;249m [0m[38;5;249mM[0m[38;5;249mo[0m[38;5;249md[0m[38;5;249ma[0m[38;5;249ml[0m[38;5;249m [0m[38;5;249m*[0m[38;5;249m/[0m[38;5;249m}[0m
 [38;5;240m    │[0m       ┬  
 [38;5;240m    │[0m       ╰── `,` or `)` expected
[38;5;246m─────╯[0m

  Plugin: [35mvite:oxc[39m
  File: [36mC:/Users/ritik/OneDrive/Desktop/help desk/client/src/pages/UserPage.tsx[39m
[2m6:14:16 PM[22m [31m[1m[vite][22m[39m [31m[2m(client)[22m[39m Pre-transform error: Transform failed with 1 error:

[31m[PARSE_ERROR] [0mExpected `,` or `)` but found `{`
     [38;5;246m╭[0m[38;5;246m─[0m[38;5;246m[[0m src/pages/UserPage.tsx:215:7 [38;5;246m][0m
     [38;5;246m│[0m
 [38;5;246m137 │[0m [38;5;249m [0m[38;5;249m [0m[38;5;249mr[0m[38;5;249me[0m[38;5;249mt[0m[38;5;249mu[0m[38;5;249mr[0m[38;5;249mn[0m[38;5;249m [0m(
 [38;5;240m    │[0m          ┬  
 [38;5;240m    │[0m          ╰── Opened here
 [38;5;240m    │[0m 
 [38;5;246m215 │[0m [38;5;249m [0m[38;5;249m [0m[38;5;249m [0m[38;5;249m [0m[38;5;249m [0m[38;5;249m [0m{[38;5;249m/[0m[38;5;249m*[0m[38;5;249m [0m[38;5;249mC[0m[38;5;249mr[0m[38;5;249me[0m[38;5;249ma[0m[38;5;249mt[0m[38;5;249me[0m[38;5;249m [0m[38;5;249mU[0m[38;5;249ms[0m[38;5;249me[0m[38;5;249mr[0m[38;5;249m [0m[38;5;249mM[0m[38;5;249mo[0m[38;5;249md[0m[38;5;249ma[0m[38;5;249ml[0m[38;5;249m [0m[38;5;249m*[0m[38;5;249m/[0m[38;5;249m}[0m
 [38;5;240m    │[0m       ┬  
 [38;5;240m    │[0m       ╰── `,` or `)` expected
[38;5;246m─────╯[0m

  Plugin: [35mvite:oxc[39m
  File: [36mC:/Users/ritik/OneDrive/Desktop/help desk/client/src/pages/UserPage.tsx[39m
[2m6:14:16 PM[22m [31m[1m[vite][22m[39m [31mInternal server error: Transform failed with 1 error:

[31m[PARSE_ERROR] [0mExpected `,` or `)` but found `{`
     [38;5;246m╭[0m[38;5;246m─[0m[38;5;246m[[0m src/pages/UserPage.tsx:215:7 [38;5;246m][0m
     [38;5;246m│[0m
 [38;5;246m137 │[0m [38;5;249m [0m[38;5;249m [0m[38;5;249mr[0m[38;5;249me[0m[38;5;249mt[0m[38;5;249mu[0m[38;5;249mr[0m[38;5;249mn[0m[38;5;249m [0m(
 [38;5;240m    │[0m          ┬  
 [38;5;240m    │[0m          ╰── Opened here
 [38;5;240m    │[0m 
 [38;5;246m215 │[0m [38;5;249m [0m[38;5;249m [0m[38;5;249m [0m[38;5;249m [0m[38;5;249m [0m[38;5;249m [0m{[38;5;249m/[0m[38;5;249m*[0m[38;5;249m [0m[38;5;249mC[0m[38;5;249mr[0m[38;5;249me[0m[38;5;249ma[0m[38;5;249mt[0m[38;5;249me[0m[38;5;249m [0m[38;5;249mU[0m[38;5;249ms[0m[38;5;249me[0m[38;5;249mr[0m[38;5;249m [0m[38;5;249mM[0m[38;5;249mo[0m[38;5;249md[0m[38;5;249ma[0m[38;5;249ml[0m[38;5;249m [0m[38;5;249m*[0m[38;5;249m/[0m[38;5;249m}[0m
 [38;5;240m    │[0m       ┬  
 [38;5;240m    │[0m       ╰── `,` or `)` expected
[38;5;246m─────╯[0m
[39m
  Plugin: [35mvite:oxc[39m
  File: [36mC:/Users/ritik/OneDrive/Desktop/help desk/client/src/pages/UserPage.tsx[39m
      at transformWithOxc (file:///C:/Users/ritik/OneDrive/Desktop/help%20desk/node_modules/.bun/vite@8.1.4+3b4241e6af1d67c7/node_modules/vite/dist/node/chunks/node.js:4017:19)
      at TransformPluginContext.transform (file:///C:/Users/ritik/OneDrive/Desktop/help%20desk/node_modules/.bun/vite@8.1.4+3b4241e6af1d67c7/node_modules/vite/dist/node/chunks/node.js:4088:26)
      at EnvironmentPluginContainer.transform (file:///C:/Users/ritik/OneDrive/Desktop/help%20desk/node_modules/.bun/vite@8.1.4+3b4241e6af1d67c7/node_modules/vite/dist/node/chunks/node.js:30151:51)
      at async loadAndTransform (file:///C:/Users/ritik/OneDrive/Desktop/help%20desk/node_modules/.bun/vite@8.1.4+3b4241e6af1d67c7/node_modules/vite/dist/node/chunks/node.js:20098:26)
[2m6:14:16 PM[22m [31m[1m[vite][22m[39m [31mInternal server error: Transform failed with 1 error:

[31m[PARSE_ERROR] [0mExpected `,` or `)` but found `{`
     [38;5;246m╭[0m[38;5;246m─[0m[38;5;246m[[0m src/pages/UserPage.tsx:215:7 [38;5;246m][0m
     [38;5;246m│[0m
 [38;5;246m137 │[0m [38;5;249m [0m[38;5;249m [0m[38;5;249mr[0m[38;5;249me[0m[38;5;249mt[0m[38;5;249mu[0m[38;5;249mr[0m[38;5;249mn[0m[38;5;249m [0m(
 [38;5;240m    │[0m          ┬  
 [38;5;240m    │[0m          ╰── Opened here
 [38;5;240m    │[0m 
 [38;5;246m215 │[0m [38;5;249m [0m[38;5;249m [0m[38;5;249m [0m[38;5;249m [0m[38;5;249m [0m[38;5;249m [0m{[38;5;249m/[0m[38;5;249m*[0m[38;5;249m [0m[38;5;249mC[0m[38;5;249mr[0m[38;5;249me[0m[38;5;249ma[0m[38;5;249mt[0m[38;5;249me[0m[38;5;249m [0m[38;5;249mU[0m[38;5;249ms[0m[38;5;249me[0m[38;5;249mr[0m[38;5;249m [0m[38;5;249mM[0m[38;5;249mo[0m[38;5;249md[0m[38;5;249ma[0m[38;5;249ml[0m[38;5;249m [0m[38;5;249m*[0m[38;5;249m/[0m[38;5;249m}[0m
 [38;5;240m    │[0m       ┬  
 [38;5;240m    │[0m       ╰── `,` or `)` expected
[38;5;246m─────╯[0m
[39m
  Plugin: [35mvite:oxc[39m
  File: [36mC:/Users/ritik/OneDrive/Desktop/help desk/client/src/pages/UserPage.tsx[39m
      at transformWithOxc (file:///C:/Users/ritik/OneDrive/Desktop/help%20desk/node_modules/.bun/vite@8.1.4+3b4241e6af1d67c7/node_modules/vite/dist/node/chunks/node.js:4017:19)
      at TransformPluginContext.transform (file:///C:/Users/ritik/OneDrive/Desktop/help%20desk/node_modules/.bun/vite@8.1.4+3b4241e6af1d67c7/node_modules/vite/dist/node/chunks/node.js:4088:26)
      at EnvironmentPluginContainer.transform (file:///C:/Users/ritik/OneDrive/Desktop/help%20desk/node_modules/.bun/vite@8.1.4+3b4241e6af1d67c7/node_modules/vite/dist/node/chunks/node.js:30151:51)
      at async loadAndTransform (file:///C:/Users/ritik/OneDrive/Desktop/help%20desk/node_modules/.bun/vite@8.1.4+3b4241e6af1d67c7/node_modules/vite/dist/node/chunks/node.js:20098:26)
[2m6:14:16 PM[22m [31m[1m[vite][22m[39m [31m[2m(client)[22m[39m Pre-transform error: Transform failed with 1 error:

[31m[PARSE_ERROR] [0mExpected `,` or `)` but found `{`
     [38;5;246m╭[0m[38;5;246m─[0m[38;5;246m[[0m src/pages/UserPage.tsx:215:7 [38;5;246m][0m
     [38;5;246m│[0m
 [38;5;246m137 │[0m [38;5;249m [0m[38;5;249m [0m[38;5;249mr[0m[38;5;249me[0m[38;5;249mt[0m[38;5;249mu[0m[38;5;249mr[0m[38;5;249mn[0m[38;5;249m [0m(
 [38;5;240m    │[0m          ┬  
 [38;5;240m    │[0m          ╰── Opened here
 [38;5;240m    │[0m 
 [38;5;246m215 │[0m [38;5;249m [0m[38;5;249m [0m[38;5;249m [0m[38;5;249m [0m[38;5;249m [0m[38;5;249m [0m{[38;5;249m/[0m[38;5;249m*[0m[38;5;249m [0m[38;5;249mC[0m[38;5;249mr[0m[38;5;249me[0m[38;5;249ma[0m[38;5;249mt[0m[38;5;249me[0m[38;5;249m [0m[38;5;249mU[0m[38;5;249ms[0m[38;5;249me[0m[38;5;249mr[0m[38;5;249m [0m[38;5;249mM[0m[38;5;249mo[0m[38;5;249md[0m[38;5;249ma[0m[38;5;249ml[0m[38;5;249m [0m[38;5;249m*[0m[38;5;249m/[0m[38;5;249m}[0m
 [38;5;240m    │[0m       ┬  
 [38;5;240m    │[0m       ╰── `,` or `)` expected
[38;5;246m─────╯[0m

  Plugin: [35mvite:oxc[39m
  File: [36mC:/Users/ritik/OneDrive/Desktop/help desk/client/src/pages/UserPage.tsx[39m
[2m6:14:16 PM[22m [31m[1m[vite][22m[39m [31mInternal server error: Transform failed with 1 error:

[31m[PARSE_ERROR] [0mExpected `,` or `)` but found `{`
     [38;5;246m╭[0m[38;5;246m─[0m[38;5;246m[[0m src/pages/UserPage.tsx:215:7 [38;5;246m][0m
     [38;5;246m│[0m
 [38;5;246m137 │[0m [38;5;249m [0m[38;5;249m [0m[38;5;249mr[0m[38;5;249me[0m[38;5;249mt[0m[38;5;249mu[0m[38;5;249mr[0m[38;5;249mn[0m[38;5;249m [0m(
 [38;5;240m    │[0m          ┬  
 [38;5;240m    │[0m          ╰── Opened here
 [38;5;240m    │[0m 
 [38;5;246m215 │[0m [38;5;249m [0m[38;5;249m [0m[38;5;249m [0m[38;5;249m [0m[38;5;249m [0m[38;5;249m [0m{[38;5;249m/[0m[38;5;249m*[0m[38;5;249m [0m[38;5;249mC[0m[38;5;249mr[0m[38;5;249me[0m[38;5;249ma[0m[38;5;249mt[0m[38;5;249me[0m[38;5;249m [0m[38;5;249mU[0m[38;5;249ms[0m[38;5;249me[0m[38;5;249mr[0m[38;5;249m [0m[38;5;249mM[0m[38;5;249mo[0m[38;5;249md[0m[38;5;249ma[0m[38;5;249ml[0m[38;5;249m [0m[38;5;249m*[0m[38;5;249m/[0m[38;5;249m}[0m
 [38;5;240m    │[0m       ┬  
 [38;5;240m    │[0m       ╰── `,` or `)` expected
[38;5;246m─────╯[0m
[39m
  Plugin: [35mvite:oxc[39m
  File: [36mC:/Users/ritik/OneDrive/Desktop/help desk/client/src/pages/UserPage.tsx[39m
      at transformWithOxc (file:///C:/Users/ritik/OneDrive/Desktop/help%20desk/node_modules/.bun/vite@8.1.4+3b4241e6af1d67c7/node_modules/vite/dist/node/chunks/node.js:4017:19)
      at TransformPluginContext.transform (file:///C:/Users/ritik/OneDrive/Desktop/help%20desk/node_modules/.bun/vite@8.1.4+3b4241e6af1d67c7/node_modules/vite/dist/node/chunks/node.js:4088:26)
      at EnvironmentPluginContainer.transform (file:///C:/Users/ritik/OneDrive/Desktop/help%20desk/node_modules/.bun/vite@8.1.4+3b4241e6af1d67c7/node_modules/vite/dist/node/chunks/node.js:30151:51)
      at async loadAndTransform (file:///C:/Users/ritik/OneDrive/Desktop/help%20desk/node_modules/.bun/vite@8.1.4+3b4241e6af1d67c7/node_modules/vite/dist/node/chunks/node.js:20098:26)
[2m6:14:16 PM[22m [31m[1m[vite][22m[39m [31m[2m(client)[22m[39m Pre-transform error: Transform failed with 1 error:

[31m[PARSE_ERROR] [0mExpected `,` or `)` but found `{`
     [38;5;246m╭[0m[38;5;246m─[0m[38;5;246m[[0m src/pages/UserPage.tsx:215:7 [38;5;246m][0m
     [38;5;246m│[0m
 [38;5;246m137 │[0m [38;5;249m [0m[38;5;249m [0m[38;5;249mr[0m[38;5;249me[0m[38;5;249mt[0m[38;5;249mu[0m[38;5;249mr[0m[38;5;249mn[0m[38;5;249m [0m(
 [38;5;240m    │[0m          ┬  
 [38;5;240m    │[0m          ╰── Opened here
 [38;5;240m    │[0m 
 [38;5;246m215 │[0m [38;5;249m [0m[38;5;249m [0m[38;5;249m [0m[38;5;249m [0m[38;5;249m [0m[38;5;249m [0m{[38;5;249m/[0m[38;5;249m*[0m[38;5;249m [0m[38;5;249mC[0m[38;5;249mr[0m[38;5;249me[0m[38;5;249ma[0m[38;5;249mt[0m[38;5;249me[0m[38;5;249m [0m[38;5;249mU[0m[38;5;249ms[0m[38;5;249me[0m[38;5;249mr[0m[38;5;249m [0m[38;5;249mM[0m[38;5;249mo[0m[38;5;249md[0m[38;5;249ma[0m[38;5;249ml[0m[38;5;249m [0m[38;5;249m*[0m[38;5;249m/[0m[38;5;249m}[0m
 [38;5;240m    │[0m       ┬  
 [38;5;240m    │[0m       ╰── `,` or `)` expected
[38;5;246m─────╯[0m

  Plugin: [35mvite:oxc[39m
  File: [36mC:/Users/ritik/OneDrive/Desktop/help desk/client/src/pages/UserPage.tsx[39m
[2m6:14:17 PM[22m [31m[1m[vite][22m[39m [31m[2m(client)[22m[39m Pre-transform error: Transform failed with 1 error:

[31m[PARSE_ERROR] [0mExpected `,` or `)` but found `{`
     [38;5;246m╭[0m[38;5;246m─[0m[38;5;246m[[0m src/pages/UserPage.tsx:215:7 [38;5;246m][0m
     [38;5;246m│[0m
 [38;5;246m137 │[0m [38;5;249m [0m[38;5;249m [0m[38;5;249mr[0m[38;5;249me[0m[38;5;249mt[0m[38;5;249mu[0m[38;5;249mr[0m[38;5;249mn[0m[38;5;249m [0m(
 [38;5;240m    │[0m          ┬  
 [38;5;240m    │[0m          ╰── Opened here
 [38;5;240m    │[0m 
 [38;5;246m215 │[0m [38;5;249m [0m[38;5;249m [0m[38;5;249m [0m[38;5;249m [0m[38;5;249m [0m[38;5;249m [0m{[38;5;249m/[0m[38;5;249m*[0m[38;5;249m [0m[38;5;249mC[0m[38;5;249mr[0m[38;5;249me[0m[38;5;249ma[0m[38;5;249mt[0m[38;5;249me[0m[38;5;249m [0m[38;5;249mU[0m[38;5;249ms[0m[38;5;249me[0m[38;5;249mr[0m[38;5;249m [0m[38;5;249mM[0m[38;5;249mo[0m[38;5;249md[0m[38;5;249ma[0m[38;5;249ml[0m[38;5;249m [0m[38;5;249m*[0m[38;5;249m/[0m[38;5;249m}[0m
 [38;5;240m    │[0m       ┬  
 [38;5;240m    │[0m       ╰── `,` or `)` expected
[38;5;246m─────╯[0m

  Plugin: [35mvite:oxc[39m
  File: [36mC:/Users/ritik/OneDrive/Desktop/help desk/client/src/pages/UserPage.tsx[39m
[2m6:14:17 PM[22m [31m[1m[vite][22m[39m [31mInternal server error: Transform failed with 1 error:

[31m[PARSE_ERROR] [0mExpected `,` or `)` but found `{`
     [38;5;246m╭[0m[38;5;246m─[0m[38;5;246m[[0m src/pages/UserPage.tsx:215:7 [38;5;246m][0m
     [38;5;246m│[0m
 [38;5;246m137 │[0m [38;5;249m [0m[38;5;249m [0m[38;5;249mr[0m[38;5;249me[0m[38;5;249mt[0m[38;5;249mu[0m[38;5;249mr[0m[38;5;249mn[0m[38;5;249m [0m(
 [38;5;240m    │[0m          ┬  
 [38;5;240m    │[0m          ╰── Opened here
 [38;5;240m    │[0m 
 [38;5;246m215 │[0m [38;5;249m [0m[38;5;249m [0m[38;5;249m [0m[38;5;249m [0m[38;5;249m [0m[38;5;249m [0m{[38;5;249m/[0m[38;5;249m*[0m[38;5;249m [0m[38;5;249mC[0m[38;5;249mr[0m[38;5;249me[0m[38;5;249ma[0m[38;5;249mt[0m[38;5;249me[0m[38;5;249m [0m[38;5;249mU[0m[38;5;249ms[0m[38;5;249me[0m[38;5;249mr[0m[38;5;249m [0m[38;5;249mM[0m[38;5;249mo[0m[38;5;249md[0m[38;5;249ma[0m[38;5;249ml[0m[38;5;249m [0m[38;5;249m*[0m[38;5;249m/[0m[38;5;249m}[0m
 [38;5;240m    │[0m       ┬  
 [38;5;240m    │[0m       ╰── `,` or `)` expected
[38;5;246m─────╯[0m
[39m
  Plugin: [35mvite:oxc[39m
  File: [36mC:/Users/ritik/OneDrive/Desktop/help desk/client/src/pages/UserPage.tsx[39m
      at transformWithOxc (file:///C:/Users/ritik/OneDrive/Desktop/help%20desk/node_modules/.bun/vite@8.1.4+3b4241e6af1d67c7/node_modules/vite/dist/node/chunks/node.js:4017:19)
      at TransformPluginContext.transform (file:///C:/Users/ritik/OneDrive/Desktop/help%20desk/node_modules/.bun/vite@8.1.4+3b4241e6af1d67c7/node_modules/vite/dist/node/chunks/node.js:4088:26)
      at EnvironmentPluginContainer.transform (file:///C:/Users/ritik/OneDrive/Desktop/help%20desk/node_modules/.bun/vite@8.1.4+3b4241e6af1d67c7/node_modules/vite/dist/node/chunks/node.js:30151:51)
      at async loadAndTransform (file:///C:/Users/ritik/OneDrive/Desktop/help%20desk/node_modules/.bun/vite@8.1.4+3b4241e6af1d67c7/node_modules/vite/dist/node/chunks/node.js:20098:26)
[2m6:14:18 PM[22m [31m[1m[vite][22m[39m [31m[2m(client)[22m[39m Pre-transform error: Transform failed with 1 error:

[31m[PARSE_ERROR] [0mExpected `,` or `)` but found `{`
     [38;5;246m╭[0m[38;5;246m─[0m[38;5;246m[[0m src/pages/UserPage.tsx:215:7 [38;5;246m][0m
     [38;5;246m│[0m
 [38;5;246m137 │[0m [38;5;249m [0m[38;5;249m [0m[38;5;249mr[0m[38;5;249me[0m[38;5;249mt[0m[38;5;249mu[0m[38;5;249mr[0m[38;5;249mn[0m[38;5;249m [0m(
 [38;5;240m    │[0m          ┬  
 [38;5;240m    │[0m          ╰── Opened here
 [38;5;240m    │[0m 
 [38;5;246m215 │[0m [38;5;249m [0m[38;5;249m [0m[38;5;249m [0m[38;5;249m [0m[38;5;249m [0m[38;5;249m [0m{[38;5;249m/[0m[38;5;249m*[0m[38;5;249m [0m[38;5;249mC[0m[38;5;249mr[0m[38;5;249me[0m[38;5;249ma[0m[38;5;249mt[0m[38;5;249me[0m[38;5;249m [0m[38;5;249mU[0m[38;5;249ms[0m[38;5;249me[0m[38;5;249mr[0m[38;5;249m [0m[38;5;249mM[0m[38;5;249mo[0m[38;5;249md[0m[38;5;249ma[0m[38;5;249ml[0m[38;5;249m [0m[38;5;249m*[0m[38;5;249m/[0m[38;5;249m}[0m
 [38;5;240m    │[0m       ┬  
 [38;5;240m    │[0m       ╰── `,` or `)` expected
[38;5;246m─────╯[0m

  Plugin: [35mvite:oxc[39m
  File: [36mC:/Users/ritik/OneDrive/Desktop/help desk/client/src/pages/UserPage.tsx[39m
[2m6:14:18 PM[22m [31m[1m[vite][22m[39m [31mInternal server error: Transform failed with 1 error:

[31m[PARSE_ERROR] [0mExpected `,` or `)` but found `{`
     [38;5;246m╭[0m[38;5;246m─[0m[38;5;246m[[0m src/pages/UserPage.tsx:215:7 [38;5;246m][0m
     [38;5;246m│[0m
 [38;5;246m137 │[0m [38;5;249m [0m[38;5;249m [0m[38;5;249mr[0m[38;5;249me[0m[38;5;249mt[0m[38;5;249mu[0m[38;5;249mr[0m[38;5;249mn[0m[38;5;249m [0m(
 [38;5;240m    │[0m          ┬  
 [38;5;240m    │[0m          ╰── Opened here
 [38;5;240m    │[0m 
 [38;5;246m215 │[0m [38;5;249m [0m[38;5;249m [0m[38;5;249m [0m[38;5;249m [0m[38;5;249m [0m[38;5;249m [0m{[38;5;249m/[0m[38;5;249m*[0m[38;5;249m [0m[38;5;249mC[0m[38;5;249mr[0m[38;5;249me[0m[38;5;249ma[0m[38;5;249mt[0m[38;5;249me[0m[38;5;249m [0m[38;5;249mU[0m[38;5;249ms[0m[38;5;249me[0m[38;5;249mr[0m[38;5;249m [0m[38;5;249mM[0m[38;5;249mo[0m[38;5;249md[0m[38;5;249ma[0m[38;5;249ml[0m[38;5;249m [0m[38;5;249m*[0m[38;5;249m/[0m[38;5;249m}[0m
 [38;5;240m    │[0m       ┬  
 [38;5;240m    │[0m       ╰── `,` or `)` expected
[38;5;246m─────╯[0m
[39m
  Plugin: [35mvite:oxc[39m
  File: [36mC:/Users/ritik/OneDrive/Desktop/help desk/client/src/pages/UserPage.tsx[39m
      at transformWithOxc (file:///C:/Users/ritik/OneDrive/Desktop/help%20desk/node_modules/.bun/vite@8.1.4+3b4241e6af1d67c7/node_modules/vite/dist/node/chunks/node.js:4017:19)
      at TransformPluginContext.transform (file:///C:/Users/ritik/OneDrive/Desktop/help%20desk/node_modules/.bun/vite@8.1.4+3b4241e6af1d67c7/node_modules/vite/dist/node/chunks/node.js:4088:26)
      at EnvironmentPluginContainer.transform (file:///C:/Users/ritik/OneDrive/Desktop/help%20desk/node_modules/.bun/vite@8.1.4+3b4241e6af1d67c7/node_modules/vite/dist/node/chunks/node.js:30151:51)
      at async loadAndTransform (file:///C:/Users/ritik/OneDrive/Desktop/help%20desk/node_modules/.bun/vite@8.1.4+3b4241e6af1d67c7/node_modules/vite/dist/node/chunks/node.js:20098:26)
[2m6:14:18 PM[22m [31m[1m[vite][22m[39m [31mInternal server error: Transform failed with 1 error:

[31m[PARSE_ERROR] [0mExpected `,` or `)` but found `{`
     [38;5;246m╭[0m[38;5;246m─[0m[38;5;246m[[0m src/pages/UserPage.tsx:215:7 [38;5;246m][0m
     [38;5;246m│[0m
 [38;5;246m137 │[0m [38;5;249m [0m[38;5;249m [0m[38;5;249mr[0m[38;5;249me[0m[38;5;249mt[0m[38;5;249mu[0m[38;5;249mr[0m[38;5;249mn[0m[38;5;249m [0m(
 [38;5;240m    │[0m          ┬  
 [38;5;240m    │[0m          ╰── Opened here
 [38;5;240m    │[0m 
 [38;5;246m215 │[0m [38;5;249m [0m[38;5;249m [0m[38;5;249m [0m[38;5;249m [0m[38;5;249m [0m[38;5;249m [0m{[38;5;249m/[0m[38;5;249m*[0m[38;5;249m [0m[38;5;249mC[0m[38;5;249mr[0m[38;5;249me[0m[38;5;249ma[0m[38;5;249mt[0m[38;5;249me[0m[38;5;249m [0m[38;5;249mU[0m[38;5;249ms[0m[38;5;249me[0m[38;5;249mr[0m[38;5;249m [0m[38;5;249mM[0m[38;5;249mo[0m[38;5;249md[0m[38;5;249ma[0m[38;5;249ml[0m[38;5;249m [0m[38;5;249m*[0m[38;5;249m/[0m[38;5;249m}[0m
 [38;5;240m    │[0m       ┬  
 [38;5;240m    │[0m       ╰── `,` or `)` expected
[38;5;246m─────╯[0m
[39m
  Plugin: [35mvite:oxc[39m
  File: [36mC:/Users/ritik/OneDrive/Desktop/help desk/client/src/pages/UserPage.tsx[39m
      at transformWithOxc (file:///C:/Users/ritik/OneDrive/Desktop/help%20desk/node_modules/.bun/vite@8.1.4+3b4241e6af1d67c7/node_modules/vite/dist/node/chunks/node.js:4017:19)
      at TransformPluginContext.transform (file:///C:/Users/ritik/OneDrive/Desktop/help%20desk/node_modules/.bun/vite@8.1.4+3b4241e6af1d67c7/node_modules/vite/dist/node/chunks/node.js:4088:26)
      at EnvironmentPluginContainer.transform (file:///C:/Users/ritik/OneDrive/Desktop/help%20desk/node_modules/.bun/vite@8.1.4+3b4241e6af1d67c7/node_modules/vite/dist/node/chunks/node.js:30151:51)
      at async loadAndTransform (file:///C:/Users/ritik/OneDrive/Desktop/help%20desk/node_modules/.bun/vite@8.1.4+3b4241e6af1d67c7/node_modules/vite/dist/node/chunks/node.js:20098:26)
      at async viteTransformMiddleware (file:///C:/Users/ritik/OneDrive/Desktop/help%20desk/node_modules/.bun/vite@8.1.4+3b4241e6af1d67c7/node_modules/vite/dist/node/chunks/node.js:24559:20)
[2m6:14:18 PM[22m [31m[1m[vite][22m[39m [31m[2m(client)[22m[39m Pre-transform error: Transform failed with 1 error:

[31m[PARSE_ERROR] [0mExpected `,` or `)` but found `{`
     [38;5;246m╭[0m[38;5;246m─[0m[38;5;246m[[0m src/pages/UserPage.tsx:215:7 [38;5;246m][0m
     [38;5;246m│[0m
 [38;5;246m137 │[0m [38;5;249m [0m[38;5;249m [0m[38;5;249mr[0m[38;5;249me[0m[38;5;249mt[0m[38;5;249mu[0m[38;5;249mr[0m[38;5;249mn[0m[38;5;249m [0m(
 [38;5;240m    │[0m          ┬  
 [38;5;240m    │[0m          ╰── Opened here
 [38;5;240m    │[0m 
 [38;5;246m215 │[0m [38;5;249m [0m[38;5;249m [0m[38;5;249m [0m[38;5;249m [0m[38;5;249m [0m[38;5;249m [0m{[38;5;249m/[0m[38;5;249m*[0m[38;5;249m [0m[38;5;249mC[0m[38;5;249mr[0m[38;5;249me[0m[38;5;249ma[0m[38;5;249mt[0m[38;5;249me[0m[38;5;249m [0m[38;5;249mU[0m[38;5;249ms[0m[38;5;249me[0m[38;5;249mr[0m[38;5;249m [0m[38;5;249mM[0m[38;5;249mo[0m[38;5;249md[0m[38;5;249ma[0m[38;5;249ml[0m[38;5;249m [0m[38;5;249m*[0m[38;5;249m/[0m[38;5;249m}[0m
 [38;5;240m    │[0m       ┬  
 [38;5;240m    │[0m       ╰── `,` or `)` expected
[38;5;246m─────╯[0m

  Plugin: [35mvite:oxc[39m
  File: [36mC:/Users/ritik/OneDrive/Desktop/help desk/client/src/pages/UserPage.tsx[39m
[2m6:14:19 PM[22m [31m[1m[vite][22m[39m [31m[2m(client)[22m[39m Pre-transform error: Transform failed with 1 error:

[31m[PARSE_ERROR] [0mExpected `,` or `)` but found `{`
     [38;5;246m╭[0m[38;5;246m─[0m[38;5;246m[[0m src/pages/UserPage.tsx:215:7 [38;5;246m][0m
     [38;5;246m│[0m
 [38;5;246m137 │[0m [38;5;249m [0m[38;5;249m [0m[38;5;249mr[0m[38;5;249me[0m[38;5;249mt[0m[38;5;249mu[0m[38;5;249mr[0m[38;5;249mn[0m[38;5;249m [0m(
 [38;5;240m    │[0m          ┬  
 [38;5;240m    │[0m          ╰── Opened here
 [38;5;240m    │[0m 
 [38;5;246m215 │[0m [38;5;249m [0m[38;5;249m [0m[38;5;249m [0m[38;5;249m [0m[38;5;249m [0m[38;5;249m [0m{[38;5;249m/[0m[38;5;249m*[0m[38;5;249m [0m[38;5;249mC[0m[38;5;249mr[0m[38;5;249me[0m[38;5;249ma[0m[38;5;249mt[0m[38;5;249me[0m[38;5;249m [0m[38;5;249mU[0m[38;5;249ms[0m[38;5;249me[0m[38;5;249mr[0m[38;5;249m [0m[38;5;249mM[0m[38;5;249mo[0m[38;5;249md[0m[38;5;249ma[0m[38;5;249ml[0m[38;5;249m [0m[38;5;249m*[0m[38;5;249m/[0m[38;5;249m}[0m
 [38;5;240m    │[0m       ┬  
 [38;5;240m    │[0m       ╰── `,` or `)` expected
[38;5;246m─────╯[0m

  Plugin: [35mvite:oxc[39m
  File: [36mC:/Users/ritik/OneDrive/Desktop/help desk/client/src/pages/UserPage.tsx[39m
[2m6:14:19 PM[22m [31m[1m[vite][22m[39m [31mInternal server error: Transform failed with 1 error:

[31m[PARSE_ERROR] [0mExpected `,` or `)` but found `{`
     [38;5;246m╭[0m[38;5;246m─[0m[38;5;246m[[0m src/pages/UserPage.tsx:215:7 [38;5;246m][0m
     [38;5;246m│[0m
 [38;5;246m137 │[0m [38;5;249m [0m[38;5;249m [0m[38;5;249mr[0m[38;5;249me[0m[38;5;249mt[0m[38;5;249mu[0m[38;5;249mr[0m[38;5;249mn[0m[38;5;249m [0m(
 [38;5;240m    │[0m          ┬  
 [38;5;240m    │[0m          ╰── Opened here
 [38;5;240m    │[0m 
 [38;5;246m215 │[0m [38;5;249m [0m[38;5;249m [0m[38;5;249m [0m[38;5;249m [0m[38;5;249m [0m[38;5;249m [0m{[38;5;249m/[0m[38;5;249m*[0m[38;5;249m [0m[38;5;249mC[0m[38;5;249mr[0m[38;5;249me[0m[38;5;249ma[0m[38;5;249mt[0m[38;5;249me[0m[38;5;249m [0m[38;5;249mU[0m[38;5;249ms[0m[38;5;249me[0m[38;5;249mr[0m[38;5;249m [0m[38;5;249mM[0m[38;5;249mo[0m[38;5;249md[0m[38;5;249ma[0m[38;5;249ml[0m[38;5;249m [0m[38;5;249m*[0m[38;5;249m/[0m[38;5;249m}[0m
 [38;5;240m    │[0m       ┬  
 [38;5;240m    │[0m       ╰── `,` or `)` expected
[38;5;246m─────╯[0m
[39m
  Plugin: [35mvite:oxc[39m
  File: [36mC:/Users/ritik/OneDrive/Desktop/help desk/client/src/pages/UserPage.tsx[39m
      at transformWithOxc (file:///C:/Users/ritik/OneDrive/Desktop/help%20desk/node_modules/.bun/vite@8.1.4+3b4241e6af1d67c7/node_modules/vite/dist/node/chunks/node.js:4017:19)
      at TransformPluginContext.transform (file:///C:/Users/ritik/OneDrive/Desktop/help%20desk/node_modules/.bun/vite@8.1.4+3b4241e6af1d67c7/node_modules/vite/dist/node/chunks/node.js:4088:26)
      at EnvironmentPluginContainer.transform (file:///C:/Users/ritik/OneDrive/Desktop/help%20desk/node_modules/.bun/vite@8.1.4+3b4241e6af1d67c7/node_modules/vite/dist/node/chunks/node.js:30151:51)
      at async loadAndTransform (file:///C:/Users/ritik/OneDrive/Desktop/help%20desk/node_modules/.bun/vite@8.1.4+3b4241e6af1d67c7/node_modules/vite/dist/node/chunks/node.js:20098:26)
[2m6:14:19 PM[22m [31m[1m[vite][22m[39m [31mInternal server error: Transform failed with 1 error:

[31m[PARSE_ERROR] [0mExpected `,` or `)` but found `{`
     [38;5;246m╭[0m[38;5;246m─[0m[38;5;246m[[0m src/pages/UserPage.tsx:215:7 [38;5;246m][0m
     [38;5;246m│[0m
 [38;5;246m137 │[0m [38;5;249m [0m[38;5;249m [0m[38;5;249mr[0m[38;5;249me[0m[38;5;249mt[0m[38;5;249mu[0m[38;5;249mr[0m[38;5;249mn[0m[38;5;249m [0m(
 [38;5;240m    │[0m          ┬  
 [38;5;240m    │[0m          ╰── Opened here
 [38;5;240m    │[0m 
 [38;5;246m215 │[0m [38;5;249m [0m[38;5;249m [0m[38;5;249m [0m[38;5;249m [0m[38;5;249m [0m[38;5;249m [0m{[38;5;249m/[0m[38;5;249m*[0m[38;5;249m [0m[38;5;249mC[0m[38;5;249mr[0m[38;5;249me[0m[38;5;249ma[0m[38;5;249mt[0m[38;5;249me[0m[38;5;249m [0m[38;5;249mU[0m[38;5;249ms[0m[38;5;249me[0m[38;5;249mr[0m[38;5;249m [0m[38;5;249mM[0m[38;5;249mo[0m[38;5;249md[0m[38;5;249ma[0m[38;5;249ml[0m[38;5;249m [0m[38;5;249m*[0m[38;5;249m/[0m[38;5;249m}[0m
 [38;5;240m    │[0m       ┬  
 [38;5;240m    │[0m       ╰── `,` or `)` expected
[38;5;246m─────╯[0m
[39m
  Plugin: [35mvite:oxc[39m
  File: [36mC:/Users/ritik/OneDrive/Desktop/help desk/client/src/pages/UserPage.tsx[39m
      at transformWithOxc (file:///C:/Users/ritik/OneDrive/Desktop/help%20desk/node_modules/.bun/vite@8.1.4+3b4241e6af1d67c7/node_modules/vite/dist/node/chunks/node.js:4017:19)
      at TransformPluginContext.transform (file:///C:/Users/ritik/OneDrive/Desktop/help%20desk/node_modules/.bun/vite@8.1.4+3b4241e6af1d67c7/node_modules/vite/dist/node/chunks/node.js:4088:26)
      at EnvironmentPluginContainer.transform (file:///C:/Users/ritik/OneDrive/Desktop/help%20desk/node_modules/.bun/vite@8.1.4+3b4241e6af1d67c7/node_modules/vite/dist/node/chunks/node.js:30151:51)
      at async loadAndTransform (file:///C:/Users/ritik/OneDrive/Desktop/help%20desk/node_modules/.bun/vite@8.1.4+3b4241e6af1d67c7/node_modules/vite/dist/node/chunks/node.js:20098:26)
      at async viteTransformMiddleware (file:///C:/Users/ritik/OneDrive/Desktop/help%20desk/node_modules/.bun/vite@8.1.4+3b4241e6af1d67c7/node_modules/vite/dist/node/chunks/node.js:24559:20)
[2m6:14:28 PM[22m [31m[1m[vite][22m[39m [31m[2m(client)[22m[39m Pre-transform error: Transform failed with 1 error:

[31m[PARSE_ERROR] [0mExpected `,` or `)` but found `{`
     [38;5;246m╭[0m[38;5;246m─[0m[38;5;246m[[0m src/pages/UserPage.tsx:215:7 [38;5;246m][0m
     [38;5;246m│[0m
 [38;5;246m137 │[0m [38;5;249m [0m[38;5;249m [0m[38;5;249mr[0m[38;5;249me[0m[38;5;249mt[0m[38;5;249mu[0m[38;5;249mr[0m[38;5;249mn[0m[38;5;249m [0m(
 [38;5;240m    │[0m          ┬  
 [38;5;240m    │[0m          ╰── Opened here
 [38;5;240m    │[0m 
 [38;5;246m215 │[0m [38;5;249m [0m[38;5;249m [0m[38;5;249m [0m[38;5;249m [0m[38;5;249m [0m[38;5;249m [0m{[38;5;249m/[0m[38;5;249m*[0m[38;5;249m [0m[38;5;249mC[0m[38;5;249mr[0m[38;5;249me[0m[38;5;249ma[0m[38;5;249mt[0m[38;5;249me[0m[38;5;249m [0m[38;5;249mU[0m[38;5;249ms[0m[38;5;249me[0m[38;5;249mr[0m[38;5;249m [0m[38;5;249mM[0m[38;5;249mo[0m[38;5;249md[0m[38;5;249ma[0m[38;5;249ml[0m[38;5;249m [0m[38;5;249m*[0m[38;5;249m/[0m[38;5;249m}[0m
 [38;5;240m    │[0m       ┬  
 [38;5;240m    │[0m       ╰── `,` or `)` expected
[38;5;246m─────╯[0m

  Plugin: [35mvite:oxc[39m
  File: [36mC:/Users/ritik/OneDrive/Desktop/help desk/client/src/pages/UserPage.tsx[39m
[2m6:23:33 PM[22m [31m[1m[vite][22m[39m [31m[2m(client)[22m[39m Pre-transform error: Transform failed with 1 error:

[31m[PARSE_ERROR] [0mExpected `,` or `)` but found `{`
     [38;5;246m╭[0m[38;5;246m─[0m[38;5;246m[[0m src/pages/UserPage.tsx:215:7 [38;5;246m][0m
     [38;5;246m│[0m
 [38;5;246m137 │[0m [38;5;249m [0m[38;5;249m [0m[38;5;249mr[0m[38;5;249me[0m[38;5;249mt[0m[38;5;249mu[0m[38;5;249mr[0m[38;5;249mn[0m[38;5;249m [0m(
 [38;5;240m    │[0m          ┬  
 [38;5;240m    │[0m          ╰── Opened here
 [38;5;240m    │[0m 
 [38;5;246m215 │[0m [38;5;249m [0m[38;5;249m [0m[38;5;249m [0m[38;5;249m [0m[38;5;249m [0m[38;5;249m [0m{[38;5;249m/[0m[38;5;249m*[0m[38;5;249m [0m[38;5;249mC[0m[38;5;249mr[0m[38;5;249me[0m[38;5;249ma[0m[38;5;249mt[0m[38;5;249me[0m[38;5;249m [0m[38;5;249mU[0m[38;5;249ms[0m[38;5;249me[0m[38;5;249mr[0m[38;5;249m [0m[38;5;249mM[0m[38;5;249mo[0m[38;5;249md[0m[38;5;249ma[0m[38;5;249ml[0m[38;5;249m [0m[38;5;249m*[0m[38;5;249m/[0m[38;5;249m}[0m
 [38;5;240m    │[0m       ┬  
 [38;5;240m    │[0m       ╰── `,` or `)` expected
[38;5;246m─────╯[0m

  Plugin: [35mvite:oxc[39m
  File: [36mC:/Users/ritik/OneDrive/Desktop/help desk/client/src/pages/UserPage.tsx[39m
[2m6:23:34 PM[22m [31m[1m[vite][22m[39m [31mInternal server error: Transform failed with 1 error:

[31m[PARSE_ERROR] [0mExpected `,` or `)` but found `{`
     [38;5;246m╭[0m[38;5;246m─[0m[38;5;246m[[0m src/pages/UserPage.tsx:215:7 [38;5;246m][0m
     [38;5;246m│[0m
 [38;5;246m137 │[0m [38;5;249m [0m[38;5;249m [0m[38;5;249mr[0m[38;5;249me[0m[38;5;249mt[0m[38;5;249mu[0m[38;5;249mr[0m[38;5;249mn[0m[38;5;249m [0m(
 [38;5;240m    │[0m          ┬  
 [38;5;240m    │[0m          ╰── Opened here
 [38;5;240m    │[0m 
 [38;5;246m215 │[0m [38;5;249m [0m[38;5;249m [0m[38;5;249m [0m[38;5;249m [0m[38;5;249m [0m[38;5;249m [0m{[38;5;249m/[0m[38;5;249m*[0m[38;5;249m [0m[38;5;249mC[0m[38;5;249mr[0m[38;5;249me[0m[38;5;249ma[0m[38;5;249mt[0m[38;5;249me[0m[38;5;249m [0m[38;5;249mU[0m[38;5;249ms[0m[38;5;249me[0m[38;5;249mr[0m[38;5;249m [0m[38;5;249mM[0m[38;5;249mo[0m[38;5;249md[0m[38;5;249ma[0m[38;5;249ml[0m[38;5;249m [0m[38;5;249m*[0m[38;5;249m/[0m[38;5;249m}[0m
 [38;5;240m    │[0m       ┬  
 [38;5;240m    │[0m       ╰── `,` or `)` expected
[38;5;246m─────╯[0m
[39m
  Plugin: [35mvite:oxc[39m
  File: [36mC:/Users/ritik/OneDrive/Desktop/help desk/client/src/pages/UserPage.tsx[39m
      at transformWithOxc (file:///C:/Users/ritik/OneDrive/Desktop/help%20desk/node_modules/.bun/vite@8.1.4+3b4241e6af1d67c7/node_modules/vite/dist/node/chunks/node.js:4017:19)
      at TransformPluginContext.transform (file:///C:/Users/ritik/OneDrive/Desktop/help%20desk/node_modules/.bun/vite@8.1.4+3b4241e6af1d67c7/node_modules/vite/dist/node/chunks/node.js:4088:26)
      at EnvironmentPluginContainer.transform (file:///C:/Users/ritik/OneDrive/Desktop/help%20desk/node_modules/.bun/vite@8.1.4+3b4241e6af1d67c7/node_modules/vite/dist/node/chunks/node.js:30151:51)
      at async loadAndTransform (file:///C:/Users/ritik/OneDrive/Desktop/help%20desk/node_modules/.bun/vite@8.1.4+3b4241e6af1d67c7/node_modules/vite/dist/node/chunks/node.js:20098:26)
[2m6:23:34 PM[22m [31m[1m[vite][22m[39m [31m[2m(client)[22m[39m Pre-transform error: Transform failed with 1 error:

[31m[PARSE_ERROR] [0mExpected `,` or `)` but found `{`
     [38;5;246m╭[0m[38;5;246m─[0m[38;5;246m[[0m src/pages/UserPage.tsx:215:7 [38;5;246m][0m
     [38;5;246m│[0m
 [38;5;246m137 │[0m [38;5;249m [0m[38;5;249m [0m[38;5;249mr[0m[38;5;249me[0m[38;5;249mt[0m[38;5;249mu[0m[38;5;249mr[0m[38;5;249mn[0m[38;5;249m [0m(
 [38;5;240m    │[0m          ┬  
 [38;5;240m    │[0m          ╰── Opened here
 [38;5;240m    │[0m 
 [38;5;246m215 │[0m [38;5;249m [0m[38;5;249m [0m[38;5;249m [0m[38;5;249m [0m[38;5;249m [0m[38;5;249m [0m{[38;5;249m/[0m[38;5;249m*[0m[38;5;249m [0m[38;5;249mC[0m[38;5;249mr[0m[38;5;249me[0m[38;5;249ma[0m[38;5;249mt[0m[38;5;249me[0m[38;5;249m [0m[38;5;249mU[0m[38;5;249ms[0m[38;5;249me[0m[38;5;249mr[0m[38;5;249m [0m[38;5;249mM[0m[38;5;249mo[0m[38;5;249md[0m[38;5;249ma[0m[38;5;249ml[0m[38;5;249m [0m[38;5;249m*[0m[38;5;249m/[0m[38;5;249m}[0m
 [38;5;240m    │[0m       ┬  
 [38;5;240m    │[0m       ╰── `,` or `)` expected
[38;5;246m─────╯[0m

  Plugin: [35mvite:oxc[39m
  File: [36mC:/Users/ritik/OneDrive/Desktop/help desk/client/src/pages/UserPage.tsx[39m
[2m6:23:39 PM[22m [31m[1m[vite][22m[39m [31m[2m(client)[22m[39m Pre-transform error: Transform failed with 1 error:

[31m[PARSE_ERROR] [0mExpected `,` or `)` but found `{`
     [38;5;246m╭[0m[38;5;246m─[0m[38;5;246m[[0m src/pages/UserPage.tsx:215:7 [38;5;246m][0m
     [38;5;246m│[0m
 [38;5;246m137 │[0m [38;5;249m [0m[38;5;249m [0m[38;5;249mr[0m[38;5;249me[0m[38;5;249mt[0m[38;5;249mu[0m[38;5;249mr[0m[38;5;249mn[0m[38;5;249m [0m(
 [38;5;240m    │[0m          ┬  
 [38;5;240m    │[0m          ╰── Opened here
 [38;5;240m    │[0m 
 [38;5;246m215 │[0m [38;5;249m [0m[38;5;249m [0m[38;5;249m [0m[38;5;249m [0m[38;5;249m [0m[38;5;249m [0m{[38;5;249m/[0m[38;5;249m*[0m[38;5;249m [0m[38;5;249mC[0m[38;5;249mr[0m[38;5;249me[0m[38;5;249ma[0m[38;5;249mt[0m[38;5;249me[0m[38;5;249m [0m[38;5;249mU[0m[38;5;249ms[0m[38;5;249me[0m[38;5;249mr[0m[38;5;249m [0m[38;5;249mM[0m[38;5;249mo[0m[38;5;249md[0m[38;5;249ma[0m[38;5;249ml[0m[38;5;249m [0m[38;5;249m*[0m[38;5;249m/[0m[38;5;249m}[0m
 [38;5;240m    │[0m       ┬  
 [38;5;240m    │[0m       ╰── `,` or `)` expected
[38;5;246m─────╯[0m

  Plugin: [35mvite:oxc[39m
  File: [36mC:/Users/ritik/OneDrive/Desktop/help desk/client/src/pages/UserPage.tsx[39m
[2m6:23:39 PM[22m [31m[1m[vite][22m[39m [31mInternal server error: Transform failed with 1 error:

[31m[PARSE_ERROR] [0mExpected `,` or `)` but found `{`
     [38;5;246m╭[0m[38;5;246m─[0m[38;5;246m[[0m src/pages/UserPage.tsx:215:7 [38;5;246m][0m
     [38;5;246m│[0m
 [38;5;246m137 │[0m [38;5;249m [0m[38;5;249m [0m[38;5;249mr[0m[38;5;249me[0m[38;5;249mt[0m[38;5;249mu[0m[38;5;249mr[0m[38;5;249mn[0m[38;5;249m [0m(
 [38;5;240m    │[0m          ┬  
 [38;5;240m    │[0m          ╰── Opened here
 [38;5;240m    │[0m 
 [38;5;246m215 │[0m [38;5;249m [0m[38;5;249m [0m[38;5;249m [0m[38;5;249m [0m[38;5;249m [0m[38;5;249m [0m{[38;5;249m/[0m[38;5;249m*[0m[38;5;249m [0m[38;5;249mC[0m[38;5;249mr[0m[38;5;249me[0m[38;5;249ma[0m[38;5;249mt[0m[38;5;249me[0m[38;5;249m [0m[38;5;249mU[0m[38;5;249ms[0m[38;5;249me[0m[38;5;249mr[0m[38;5;249m [0m[38;5;249mM[0m[38;5;249mo[0m[38;5;249md[0m[38;5;249ma[0m[38;5;249ml[0m[38;5;249m [0m[38;5;249m*[0m[38;5;249m/[0m[38;5;249m}[0m
 [38;5;240m    │[0m       ┬  
 [38;5;240m    │[0m       ╰── `,` or `)` expected
[38;5;246m─────╯[0m
[39m
  Plugin: [35mvite:oxc[39m
  File: [36mC:/Users/ritik/OneDrive/Desktop/help desk/client/src/pages/UserPage.tsx[39m
      at transformWithOxc (file:///C:/Users/ritik/OneDrive/Desktop/help%20desk/node_modules/.bun/vite@8.1.4+3b4241e6af1d67c7/node_modules/vite/dist/node/chunks/node.js:4017:19)
      at TransformPluginContext.transform (file:///C:/Users/ritik/OneDrive/Desktop/help%20desk/node_modules/.bun/vite@8.1.4+3b4241e6af1d67c7/node_modules/vite/dist/node/chunks/node.js:4088:26)
      at EnvironmentPluginContainer.transform (file:///C:/Users/ritik/OneDrive/Desktop/help%20desk/node_modules/.bun/vite@8.1.4+3b4241e6af1d67c7/node_modules/vite/dist/node/chunks/node.js:30151:51)
      at async loadAndTransform (file:///C:/Users/ritik/OneDrive/Desktop/help%20desk/node_modules/.bun/vite@8.1.4+3b4241e6af1d67c7/node_modules/vite/dist/node/chunks/node.js:20098:26)
[2m6:23:39 PM[22m [31m[1m[vite][22m[39m [31m[2m(client)[22m[39m Pre-transform error: Transform failed with 1 error:

[31m[PARSE_ERROR] [0mExpected `,` or `)` but found `{`
     [38;5;246m╭[0m[38;5;246m─[0m[38;5;246m[[0m src/pages/UserPage.tsx:215:7 [38;5;246m][0m
     [38;5;246m│[0m
 [38;5;246m137 │[0m [38;5;249m [0m[38;5;249m [0m[38;5;249mr[0m[38;5;249me[0m[38;5;249mt[0m[38;5;249mu[0m[38;5;249mr[0m[38;5;249mn[0m[38;5;249m [0m(
 [38;5;240m    │[0m          ┬  
 [38;5;240m    │[0m          ╰── Opened here
 [38;5;240m    │[0m 
 [38;5;246m215 │[0m [38;5;249m [0m[38;5;249m [0m[38;5;249m [0m[38;5;249m [0m[38;5;249m [0m[38;5;249m [0m{[38;5;249m/[0m[38;5;249m*[0m[38;5;249m [0m[38;5;249mC[0m[38;5;249mr[0m[38;5;249me[0m[38;5;249ma[0m[38;5;249mt[0m[38;5;249me[0m[38;5;249m [0m[38;5;249mU[0m[38;5;249ms[0m[38;5;249me[0m[38;5;249mr[0m[38;5;249m [0m[38;5;249mM[0m[38;5;249mo[0m[38;5;249md[0m[38;5;249ma[0m[38;5;249ml[0m[38;5;249m [0m[38;5;249m*[0m[38;5;249m/[0m[38;5;249m}[0m
 [38;5;240m    │[0m       ┬  
 [38;5;240m    │[0m       ╰── `,` or `)` expected
[38;5;246m─────╯[0m

  Plugin: [35mvite:oxc[39m
  File: [36mC:/Users/ritik/OneDrive/Desktop/help desk/client/src/pages/UserPage.tsx[39m
[2m6:23:40 PM[22m [31m[1m[vite][22m[39m [31m[2m(client)[22m[39m Pre-transform error: Transform failed with 1 error:

[31m[PARSE_ERROR] [0mExpected `,` or `)` but found `{`
     [38;5;246m╭[0m[38;5;246m─[0m[38;5;246m[[0m src/pages/UserPage.tsx:215:7 [38;5;246m][0m
     [38;5;246m│[0m
 [38;5;246m137 │[0m [38;5;249m [0m[38;5;249m [0m[38;5;249mr[0m[38;5;249me[0m[38;5;249mt[0m[38;5;249mu[0m[38;5;249mr[0m[38;5;249mn[0m[38;5;249m [0m(
 [38;5;240m    │[0m          ┬  
 [38;5;240m    │[0m          ╰── Opened here
 [38;5;240m    │[0m 
 [38;5;246m215 │[0m [38;5;249m [0m[38;5;249m [0m[38;5;249m [0m[38;5;249m [0m[38;5;249m [0m[38;5;249m [0m{[38;5;249m/[0m[38;5;249m*[0m[38;5;249m [0m[38;5;249mC[0m[38;5;249mr[0m[38;5;249me[0m[38;5;249ma[0m[38;5;249mt[0m[38;5;249me[0m[38;5;249m [0m[38;5;249mU[0m[38;5;249ms[0m[38;5;249me[0m[38;5;249mr[0m[38;5;249m [0m[38;5;249mM[0m[38;5;249mo[0m[38;5;249md[0m[38;5;249ma[0m[38;5;249ml[0m[38;5;249m [0m[38;5;249m*[0m[38;5;249m/[0m[38;5;249m}[0m
 [38;5;240m    │[0m       ┬  
 [38;5;240m    │[0m       ╰── `,` or `)` expected
[38;5;246m─────╯[0m

  Plugin: [35mvite:oxc[39m
  File: [36mC:/Users/ritik/OneDrive/Desktop/help desk/client/src/pages/UserPage.tsx[39m
[2m6:23:40 PM[22m [31m[1m[vite][22m[39m [31m[2m(client)[22m[39m Pre-transform error: Transform failed with 1 error:

[31m[PARSE_ERROR] [0mExpected `,` or `)` but found `{`
     [38;5;246m╭[0m[38;5;246m─[0m[38;5;246m[[0m src/pages/UserPage.tsx:215:7 [38;5;246m][0m
     [38;5;246m│[0m
 [38;5;246m137 │[0m [38;5;249m [0m[38;5;249m [0m[38;5;249mr[0m[38;5;249me[0m[38;5;249mt[0m[38;5;249mu[0m[38;5;249mr[0m[38;5;249mn[0m[38;5;249m [0m(
 [38;5;240m    │[0m          ┬  
 [38;5;240m    │[0m          ╰── Opened here
 [38;5;240m    │[0m 
 [38;5;246m215 │[0m [38;5;249m [0m[38;5;249m [0m[38;5;249m [0m[38;5;249m [0m[38;5;249m [0m[38;5;249m [0m{[38;5;249m/[0m[38;5;249m*[0m[38;5;249m [0m[38;5;249mC[0m[38;5;249mr[0m[38;5;249me[0m[38;5;249ma[0m[38;5;249mt[0m[38;5;249me[0m[38;5;249m [0m[38;5;249mU[0m[38;5;249ms[0m[38;5;249me[0m[38;5;249mr[0m[38;5;249m [0m[38;5;249mM[0m[38;5;249mo[0m[38;5;249md[0m[38;5;249ma[0m[38;5;249ml[0m[38;5;249m [0m[38;5;249m*[0m[38;5;249m/[0m[38;5;249m}[0m
 [38;5;240m    │[0m       ┬  
 [38;5;240m    │[0m       ╰── `,` or `)` expected
[38;5;246m─────╯[0m

  Plugin: [35mvite:oxc[39m
  File: [36mC:/Users/ritik/OneDrive/Desktop/help desk/client/src/pages/UserPage.tsx[39m
[2m6:23:40 PM[22m [31m[1m[vite][22m[39m [31mInternal server error: Transform failed with 1 error:

[31m[PARSE_ERROR] [0mExpected `,` or `)` but found `{`
     [38;5;246m╭[0m[38;5;246m─[0m[38;5;246m[[0m src/pages/UserPage.tsx:215:7 [38;5;246m][0m
     [38;5;246m│[0m
 [38;5;246m137 │[0m [38;5;249m [0m[38;5;249m [0m[38;5;249mr[0m[38;5;249me[0m[38;5;249mt[0m[38;5;249mu[0m[38;5;249mr[0m[38;5;249mn[0m[38;5;249m [0m(
 [38;5;240m    │[0m          ┬  
 [38;5;240m    │[0m          ╰── Opened here
 [38;5;240m    │[0m 
 [38;5;246m215 │[0m [38;5;249m [0m[38;5;249m [0m[38;5;249m [0m[38;5;249m [0m[38;5;249m [0m[38;5;249m [0m{[38;5;249m/[0m[38;5;249m*[0m[38;5;249m [0m[38;5;249mC[0m[38;5;249mr[0m[38;5;249me[0m[38;5;249ma[0m[38;5;249mt[0m[38;5;249me[0m[38;5;249m [0m[38;5;249mU[0m[38;5;249ms[0m[38;5;249me[0m[38;5;249mr[0m[38;5;249m [0m[38;5;249mM[0m[38;5;249mo[0m[38;5;249md[0m[38;5;249ma[0m[38;5;249ml[0m[38;5;249m [0m[38;5;249m*[0m[38;5;249m/[0m[38;5;249m}[0m
 [38;5;240m    │[0m       ┬  
 [38;5;240m    │[0m       ╰── `,` or `)` expected
[38;5;246m─────╯[0m
[39m
  Plugin: [35mvite:oxc[39m
  File: [36mC:/Users/ritik/OneDrive/Desktop/help desk/client/src/pages/UserPage.tsx[39m
      at transformWithOxc (file:///C:/Users/ritik/OneDrive/Desktop/help%20desk/node_modules/.bun/vite@8.1.4+3b4241e6af1d67c7/node_modules/vite/dist/node/chunks/node.js:4017:19)
      at TransformPluginContext.transform (file:///C:/Users/ritik/OneDrive/Desktop/help%20desk/node_modules/.bun/vite@8.1.4+3b4241e6af1d67c7/node_modules/vite/dist/node/chunks/node.js:4088:26)
      at EnvironmentPluginContainer.transform (file:///C:/Users/ritik/OneDrive/Desktop/help%20desk/node_modules/.bun/vite@8.1.4+3b4241e6af1d67c7/node_modules/vite/dist/node/chunks/node.js:30151:51)
      at async loadAndTransform (file:///C:/Users/ritik/OneDrive/Desktop/help%20desk/node_modules/.bun/vite@8.1.4+3b4241e6af1d67c7/node_modules/vite/dist/node/chunks/node.js:20098:26)
      at async viteTransformMiddleware (file:///C:/Users/ritik/OneDrive/Desktop/help%20desk/node_modules/.bun/vite@8.1.4+3b4241e6af1d67c7/node_modules/vite/dist/node/chunks/node.js:24559:20)
[2m6:50:07 PM[22m [31m[1m[vite][22m[39m [31m[2m(client)[22m[39m Pre-transform error: Transform failed with 1 error:

[31m[PARSE_ERROR] [0mExpected `,` or `)` but found `{`
     [38;5;246m╭[0m[38;5;246m─[0m[38;5;246m[[0m src/pages/UserPage.tsx:215:7 [38;5;246m][0m
     [38;5;246m│[0m
 [38;5;246m137 │[0m [38;5;249m [0m[38;5;249m [0m[38;5;249mr[0m[38;5;249me[0m[38;5;249mt[0m[38;5;249mu[0m[38;5;249mr[0m[38;5;249mn[0m[38;5;249m [0m(
 [38;5;240m    │[0m          ┬  
 [38;5;240m    │[0m          ╰── Opened here
 [38;5;240m    │[0m 
 [38;5;246m215 │[0m [38;5;249m [0m[38;5;249m [0m[38;5;249m [0m[38;5;249m [0m[38;5;249m [0m[38;5;249m [0m{[38;5;249m/[0m[38;5;249m*[0m[38;5;249m [0m[38;5;249mC[0m[38;5;249mr[0m[38;5;249me[0m[38;5;249ma[0m[38;5;249mt[0m[38;5;249me[0m[38;5;249m [0m[38;5;249mU[0m[38;5;249ms[0m[38;5;249me[0m[38;5;249mr[0m[38;5;249m [0m[38;5;249mM[0m[38;5;249mo[0m[38;5;249md[0m[38;5;249ma[0m[38;5;249ml[0m[38;5;249m [0m[38;5;249m*[0m[38;5;249m/[0m[38;5;249m}[0m
 [38;5;240m    │[0m       ┬  
 [38;5;240m    │[0m       ╰── `,` or `)` expected
[38;5;246m─────╯[0m

  Plugin: [35mvite:oxc[39m
  File: [36mC:/Users/ritik/OneDrive/Desktop/help desk/client/src/pages/UserPage.tsx[39m
[2m6:50:08 PM[22m [31m[1m[vite][22m[39m [31m[2m(client)[22m[39m Pre-transform error: Transform failed with 1 error:

[31m[PARSE_ERROR] [0mExpected `,` or `)` but found `{`
     [38;5;246m╭[0m[38;5;246m─[0m[38;5;246m[[0m src/pages/UserPage.tsx:215:7 [38;5;246m][0m
     [38;5;246m│[0m
 [38;5;246m137 │[0m [38;5;249m [0m[38;5;249m [0m[38;5;249mr[0m[38;5;249me[0m[38;5;249mt[0m[38;5;249mu[0m[38;5;249mr[0m[38;5;249mn[0m[38;5;249m [0m(
 [38;5;240m    │[0m          ┬  
 [38;5;240m    │[0m          ╰── Opened here
 [38;5;240m    │[0m 
 [38;5;246m215 │[0m [38;5;249m [0m[38;5;249m [0m[38;5;249m [0m[38;5;249m [0m[38;5;249m [0m[38;5;249m [0m{[38;5;249m/[0m[38;5;249m*[0m[38;5;249m [0m[38;5;249mC[0m[38;5;249mr[0m[38;5;249me[0m[38;5;249ma[0m[38;5;249mt[0m[38;5;249me[0m[38;5;249m [0m[38;5;249mU[0m[38;5;249ms[0m[38;5;249me[0m[38;5;249mr[0m[38;5;249m [0m[38;5;249mM[0m[38;5;249mo[0m[38;5;249md[0m[38;5;249ma[0m[38;5;249ml[0m[38;5;249m [0m[38;5;249m*[0m[38;5;249m/[0m[38;5;249m}[0m
 [38;5;240m    │[0m       ┬  
 [38;5;240m    │[0m       ╰── `,` or `)` expected
[38;5;246m─────╯[0m

  Plugin: [35mvite:oxc[39m
  File: [36mC:/Users/ritik/OneDrive/Desktop/help desk/client/src/pages/UserPage.tsx[39m
[2m6:50:08 PM[22m [31m[1m[vite][22m[39m [31mInternal server error: Transform failed with 1 error:

[31m[PARSE_ERROR] [0mExpected `,` or `)` but found `{`
     [38;5;246m╭[0m[38;5;246m─[0m[38;5;246m[[0m src/pages/UserPage.tsx:215:7 [38;5;246m][0m
     [38;5;246m│[0m
 [38;5;246m137 │[0m [38;5;249m [0m[38;5;249m [0m[38;5;249mr[0m[38;5;249me[0m[38;5;249mt[0m[38;5;249mu[0m[38;5;249mr[0m[38;5;249mn[0m[38;5;249m [0m(
 [38;5;240m    │[0m          ┬  
 [38;5;240m    │[0m          ╰── Opened here
 [38;5;240m    │[0m 
 [38;5;246m215 │[0m [38;5;249m [0m[38;5;249m [0m[38;5;249m [0m[38;5;249m [0m[38;5;249m [0m[38;5;249m [0m{[38;5;249m/[0m[38;5;249m*[0m[38;5;249m [0m[38;5;249mC[0m[38;5;249mr[0m[38;5;249me[0m[38;5;249ma[0m[38;5;249mt[0m[38;5;249me[0m[38;5;249m [0m[38;5;249mU[0m[38;5;249ms[0m[38;5;249me[0m[38;5;249mr[0m[38;5;249m [0m[38;5;249mM[0m[38;5;249mo[0m[38;5;249md[0m[38;5;249ma[0m[38;5;249ml[0m[38;5;249m [0m[38;5;249m*[0m[38;5;249m/[0m[38;5;249m}[0m
 [38;5;240m    │[0m       ┬  
 [38;5;240m    │[0m       ╰── `,` or `)` expected
[38;5;246m─────╯[0m
[39m
  Plugin: [35mvite:oxc[39m
  File: [36mC:/Users/ritik/OneDrive/Desktop/help desk/client/src/pages/UserPage.tsx[39m
      at transformWithOxc (file:///C:/Users/ritik/OneDrive/Desktop/help%20desk/node_modules/.bun/vite@8.1.4+3b4241e6af1d67c7/node_modules/vite/dist/node/chunks/node.js:4017:19)
      at TransformPluginContext.transform (file:///C:/Users/ritik/OneDrive/Desktop/help%20desk/node_modules/.bun/vite@8.1.4+3b4241e6af1d67c7/node_modules/vite/dist/node/chunks/node.js:4088:26)
      at EnvironmentPluginContainer.transform (file:///C:/Users/ritik/OneDrive/Desktop/help%20desk/node_modules/.bun/vite@8.1.4+3b4241e6af1d67c7/node_modules/vite/dist/node/chunks/node.js:30151:51)
      at async loadAndTransform (file:///C:/Users/ritik/OneDrive/Desktop/help%20desk/node_modules/.bun/vite@8.1.4+3b4241e6af1d67c7/node_modules/vite/dist/node/chunks/node.js:20098:26)
[2m6:53:26 PM[22m [31m[1m[vite][22m[39m [31m[2m(client)[22m[39m Pre-transform error: Transform failed with 1 error:

[31m[PARSE_ERROR] [0mExpected `,` or `)` but found `{`
     [38;5;246m╭[0m[38;5;246m─[0m[38;5;246m[[0m src/pages/UserPage.tsx:215:7 [38;5;246m][0m
     [38;5;246m│[0m
 [38;5;246m137 │[0m [38;5;249m [0m[38;5;249m [0m[38;5;249mr[0m[38;5;249me[0m[38;5;249mt[0m[38;5;249mu[0m[38;5;249mr[0m[38;5;249mn[0m[38;5;249m [0m(
 [38;5;240m    │[0m          ┬  
 [38;5;240m    │[0m          ╰── Opened here
 [38;5;240m    │[0m 
 [38;5;246m215 │[0m [38;5;249m [0m[38;5;249m [0m[38;5;249m [0m[38;5;249m [0m[38;5;249m [0m[38;5;249m [0m{[38;5;249m/[0m[38;5;249m*[0m[38;5;249m [0m[38;5;249mC[0m[38;5;249mr[0m[38;5;249me[0m[38;5;249ma[0m[38;5;249mt[0m[38;5;249me[0m[38;5;249m [0m[38;5;249mU[0m[38;5;249ms[0m[38;5;249me[0m[38;5;249mr[0m[38;5;249m [0m[38;5;249mM[0m[38;5;249mo[0m[38;5;249md[0m[38;5;249ma[0m[38;5;249ml[0m[38;5;249m [0m[38;5;249m*[0m[38;5;249m/[0m[38;5;249m}[0m
 [38;5;240m    │[0m       ┬  
 [38;5;240m    │[0m       ╰── `,` or `)` expected
[38;5;246m─────╯[0m

  Plugin: [35mvite:oxc[39m
  File: [36mC:/Users/ritik/OneDrive/Desktop/help desk/client/src/pages/UserPage.tsx[39m
[2m6:53:26 PM[22m [31m[1m[vite][22m[39m [31mInternal server error: Transform failed with 1 error:

[31m[PARSE_ERROR] [0mExpected `,` or `)` but found `{`
     [38;5;246m╭[0m[38;5;246m─[0m[38;5;246m[[0m src/pages/UserPage.tsx:215:7 [38;5;246m][0m
     [38;5;246m│[0m
 [38;5;246m137 │[0m [38;5;249m [0m[38;5;249m [0m[38;5;249mr[0m[38;5;249me[0m[38;5;249mt[0m[38;5;249mu[0m[38;5;249mr[0m[38;5;249mn[0m[38;5;249m [0m(
 [38;5;240m    │[0m          ┬  
 [38;5;240m    │[0m          ╰── Opened here
 [38;5;240m    │[0m 
 [38;5;246m215 │[0m [38;5;249m [0m[38;5;249m [0m[38;5;249m [0m[38;5;249m [0m[38;5;249m [0m[38;5;249m [0m{[38;5;249m/[0m[38;5;249m*[0m[38;5;249m [0m[38;5;249mC[0m[38;5;249mr[0m[38;5;249me[0m[38;5;249ma[0m[38;5;249mt[0m[38;5;249me[0m[38;5;249m [0m[38;5;249mU[0m[38;5;249ms[0m[38;5;249me[0m[38;5;249mr[0m[38;5;249m [0m[38;5;249mM[0m[38;5;249mo[0m[38;5;249md[0m[38;5;249ma[0m[38;5;249ml[0m[38;5;249m [0m[38;5;249m*[0m[38;5;249m/[0m[38;5;249m}[0m
 [38;5;240m    │[0m       ┬  
 [38;5;240m    │[0m       ╰── `,` or `)` expected
[38;5;246m─────╯[0m
[39m
  Plugin: [35mvite:oxc[39m
  File: [36mC:/Users/ritik/OneDrive/Desktop/help desk/client/src/pages/UserPage.tsx[39m
      at transformWithOxc (file:///C:/Users/ritik/OneDrive/Desktop/help%20desk/node_modules/.bun/vite@8.1.4+3b4241e6af1d67c7/node_modules/vite/dist/node/chunks/node.js:4017:19)
      at TransformPluginContext.transform (file:///C:/Users/ritik/OneDrive/Desktop/help%20desk/node_modules/.bun/vite@8.1.4+3b4241e6af1d67c7/node_modules/vite/dist/node/chunks/node.js:4088:26)
      at EnvironmentPluginContainer.transform (file:///C:/Users/ritik/OneDrive/Desktop/help%20desk/node_modules/.bun/vite@8.1.4+3b4241e6af1d67c7/node_modules/vite/dist/node/chunks/node.js:30151:51)
      at async loadAndTransform (file:///C:/Users/ritik/OneDrive/Desktop/help%20desk/node_modules/.bun/vite@8.1.4+3b4241e6af1d67c7/node_modules/vite/dist/node/chunks/node.js:20098:26)
      at async viteTransformMiddleware (file:///C:/Users/ritik/OneDrive/Desktop/help%20desk/node_modules/.bun/vite@8.1.4+3b4241e6af1d67c7/node_modules/vite/dist/node/chunks/node.js:24559:20)
[0m[31merror[0m[2m:[0m script [1m"dev"[0m exited with code 1[0m
